project_id,project_type,start_date,planned_duration_days,actual_duration_days,end_date,budget_usd,team_size,complexity_level,risk_score,status,satisfaction_score
1,Marketing,2023-01-31,300,386,2024-02-21,129879,23,7,0.45,Delayed,1.91
2,Marketing,2023-10-28,129,212,2024-05-27,288167,5,6,0.06,Delayed,1.07
3,IT,2020-12-09,323,432,2022-02-14,277455,23,1,0.3,Delayed,1.0
4,Operations,2021-04-19,88,237,2021-12-12,159503,18,3,0.38,Delayed,2.95
5,IT,2023-06-21,349,459,2024-09-22,341236,21,7,0.17,Delayed,1.4
6,Marketing,2023-09-25,121,211,2024-04-23,164555,9,8,0.03,Delayed,1.71
7,IT,2020-07-24,110,253,2021-04-03,470337,10,4,0.31,Delayed,4.78
8,Operations,2021-12-03,247,270,2022-08-30,206769,12,4,0.6,Delayed,3.19
9,IT,2022-03-26,300,319,2023-02-08,230884,18,2,0.54,Delayed,2.46
10,HR,2020-07-06,70,206,2021-01-28,323358,15,1,0.02,Delayed,2.09
11,IT,2021-06-04,158,273,2022-03-04,134375,13,3,0.71,Delayed,2.89
12,Marketing,2020-08-18,70,77,2020-11-03,294806,11,8,0.45,Delayed,2.75
13,IT,2022-11-22,77,207,2023-06-17,87373,7,3,0.59,Delayed,2.46
14,Operations,2021-09-04,160,140,2022-01-22,224020,16,7,0.04,OnTime,2.65
15,Marketing,2020-07-25,44,113,2020-11-15,132409,15,3,0.03,Delayed,1.0
16,HR,2020-04-05,251,381,2021-04-21,212982,15,4,0.94,Delayed,3.04
17,HR,2023-06-20,115,122,2023-10-20,53585,12,9,0.11,Delayed,1.0
18,HR,2023-09-25,315,369,2024-09-28,28047,9,1,0.27,Delayed,1.77
19,Marketing,2023-07-30,150,245,2024-03-31,137948,11,3,0.01,Delayed,1.0
20,Operations,2023-06-02,336,467,2024-09-11,175838,24,8,0.7,Delayed,2.35
21,Operations,2023-02-10,347,378,2024-02-23,224283,9,2,0.71,Delayed,1.56
22,HR,2023-06-02,155,264,2024-02-21,228164,14,10,0.99,Delayed,1.92
23,Marketing,2023-12-10,276,323,2024-10-28,193734,13,8,0.24,Delayed,1.2
24,Marketing,2022-06-02,127,245,2023-02-02,120078,18,1,0.15,Delayed,3.38
25,Finance,2020-07-05,355,427,2021-09-05,364050,22,4,0.02,Delayed,1.0
26,IT,2022-05-13,228,259,2023-01-27,411896,3,8,0.39,Delayed,2.07
27,Marketing,2020-12-03,158,148,2021-04-30,18155,20,7,0.54,OnTime,3.18
28,Finance,2020-05-23,141,180,2020-11-19,383616,4,1,0.09,Delayed,2.74
29,Marketing,2021-03-28,66,205,2021-10-19,202506,11,9,0.35,Delayed,2.52
30,Marketing,2020-05-31,83,182,2020-11-29,331184,22,1,0.16,Delayed,2.3
31,Marketing,2023-12-16,133,196,2024-06-29,189426,18,9,0.66,Delayed,3.87
32,Finance,2022-08-14,198,338,2023-07-18,48467,3,5,0.18,Delayed,2.47
33,IT,2023-11-16,164,288,2024-08-30,342415,3,3,0.64,Delayed,2.54
34,IT,2020-08-17,80,67,2020-10-23,160810,4,5,0.5,OnTime,2.8
35,Finance,2020-10-10,346,373,2021-10-18,55714,6,3,0.77,Delayed,1.0
36,Marketing,2021-06-01,128,231,2022-01-18,335352,7,8,0.33,Delayed,1.76
37,HR,2020-10-28,210,284,2021-08-08,469451,3,4,0.29,Delayed,3.05
38,Finance,2023-07-03,352,459,2024-10-04,36641,12,6,0.7,Delayed,1.66
39,Marketing,2021-11-16,309,402,2022-12-23,82991,17,6,0.36,Delayed,1.14
40,Operations,2022-02-23,133,273,2022-11-23,115864,13,6,0.36,Delayed,1.0
41,Operations,2022-01-28,55,133,2022-06-10,454209,15,10,0.01,Delayed,1.0
42,Operations,2021-05-26,171,265,2022-02-15,458982,17,2,0.09,Delayed,2.49
43,Operations,2021-12-27,80,212,2022-07-27,62921,24,10,0.86,Delayed,2.35
44,IT,2021-09-04,293,325,2022-07-26,261451,14,5,0.46,Delayed,1.0
45,Marketing,2022-02-12,76,154,2022-07-16,442950,10,4,0.13,Delayed,1.89
46,Finance,2022-12-17,258,354,2023-12-06,278093,11,5,0.06,Delayed,1.51
47,Finance,2021-09-25,30,43,2021-11-07,187247,24,9,0.66,Delayed,2.38
48,Operations,2022-02-28,276,331,2023-01-25,77215,21,5,0.12,Delayed,3.65
49,IT,2023-08-01,249,297,2024-05-24,185150,19,4,0.18,Delayed,1.45
50,Operations,2023-07-01,251,331,2024-05-27,298790,12,6,0.64,Delayed,3.1
51,Finance,2022-03-12,209,326,2023-02-01,33289,21,10,0.5,Delayed,3.93
52,Marketing,2022-11-05,309,368,2023-11-08,376326,4,1,0.87,Delayed,2.41
53,IT,2020-06-08,181,300,2021-04-04,475585,5,1,0.46,Delayed,2.69
54,IT,2023-12-11,197,250,2024-08-17,92986,14,2,0.04,Delayed,2.07
55,Operations,2022-01-23,64,124,2022-05-27,366441,10,10,0.68,Delayed,1.0
56,Marketing,2023-05-04,343,436,2024-07-13,167164,13,8,0.74,Delayed,1.18
57,IT,2023-07-24,278,421,2024-09-17,316569,7,9,0.57,Delayed,3.61
58,Finance,2022-09-04,125,256,2023-05-18,229798,7,1,0.68,Delayed,2.53
59,Finance,2020-10-05,246,324,2021-08-25,424568,19,1,0.51,Delayed,1.48
60,Marketing,2021-11-29,48,127,2022-04-05,419995,11,3,0.09,Delayed,2.95
61,Marketing,2021-03-30,313,420,2022-05-24,435523,21,10,0.63,Delayed,1.0
62,IT,2022-11-14,82,212,2023-06-14,207775,9,5,0.49,Delayed,1.55
63,Marketing,2022-07-23,252,353,2023-07-11,19348,5,7,0.55,Delayed,2.89
64,Marketing,2022-07-01,282,268,2023-03-26,293821,15,8,0.07,OnTime,4.4
65,HR,2022-08-03,312,413,2023-09-20,224532,7,6,0.99,Delayed,1.0
66,Operations,2021-05-14,174,224,2021-12-24,178152,15,4,0.35,Delayed,1.0
67,Operations,2023-06-29,304,391,2024-07-24,244677,9,10,0.91,Delayed,1.98
68,IT,2021-10-14,271,376,2022-10-25,133961,22,8,0.12,Delayed,1.0
69,Operations,2023-10-16,30,140,2024-03-04,352363,19,9,0.87,Delayed,2.22
70,IT,2023-06-06,193,319,2024-04-20,285987,20,9,0.22,Delayed,2.01
71,Finance,2023-03-12,30,126,2023-07-16,120133,24,3,0.9,Delayed,4.19
72,IT,2022-10-28,151,222,2023-06-07,333673,10,10,0.23,Delayed,1.19
73,Operations,2021-06-23,249,329,2022-05-18,137016,6,6,0.03,Delayed,1.35
74,Operations,2021-04-05,249,385,2022-04-25,37532,16,3,0.82,Delayed,1.0
75,IT,2022-06-01,285,311,2023-04-08,478888,4,10,0.93,Delayed,1.93
76,Finance,2022-12-24,175,165,2023-06-07,72292,24,1,0.84,OnTime,3.77
77,IT,2020-04-14,128,236,2020-12-06,10404,18,7,0.86,Delayed,2.01
78,Marketing,2022-09-23,82,226,2023-05-07,14809,12,3,0.25,Delayed,2.05
79,Marketing,2023-01-06,30,60,2023-03-07,326076,15,4,0.23,Delayed,3.06
80,IT,2023-10-03,124,175,2024-03-26,396598,4,6,0.77,Delayed,3.54
81,Marketing,2023-08-22,297,330,2024-07-17,346107,7,9,0.59,Delayed,1.0
82,Marketing,2023-06-06,95,149,2023-11-02,325826,9,6,0.62,Delayed,1.34
83,Finance,2022-01-07,323,352,2022-12-25,327537,20,3,0.9,Delayed,2.2
84,Marketing,2022-09-10,59,144,2023-02-01,263490,19,5,0.8,Delayed,1.0
85,Operations,2020-05-17,213,337,2021-04-19,228441,19,4,0.46,Delayed,1.99
86,IT,2020-07-23,155,177,2021-01-16,153087,13,3,0.54,Delayed,2.4
87,Marketing,2023-04-21,124,221,2023-11-28,163487,10,4,0.18,Delayed,2.75
88,Finance,2023-05-03,184,256,2024-01-14,387503,20,10,0.22,Delayed,1.71
89,Operations,2022-10-25,121,270,2023-07-22,46668,24,5,0.55,Delayed,1.0
90,HR,2022-12-05,63,120,2023-04-04,101865,15,9,0.09,Delayed,2.51
91,IT,2020-02-16,150,185,2020-08-19,196717,13,1,0.28,Delayed,2.61
92,HR,2023-06-30,209,235,2024-02-20,485774,24,10,0.76,Delayed,2.76
93,Operations,2020-03-18,245,354,2021-03-07,157820,16,8,0.13,Delayed,2.87
94,Finance,2020-12-28,268,265,2021-09-19,115977,8,3,0.4,OnTime,4.38
95,Marketing,2023-04-30,148,155,2023-10-02,231897,9,9,0.84,Delayed,2.08
96,HR,2021-06-20,174,166,2021-12-03,381923,6,10,0.79,OnTime,3.3
97,Marketing,2020-04-18,175,265,2021-01-08,409587,17,6,0.59,Delayed,1.56
98,Marketing,2021-08-17,71,219,2022-03-24,201076,8,4,0.65,Delayed,3.58
99,Operations,2020-11-10,258,358,2021-11-03,199728,23,6,0.23,Delayed,1.79
100,Finance,2023-10-05,347,420,2024-11-28,154990,11,7,0.05,Delayed,1.0
101,Finance,2021-06-26,69,84,2021-09-18,281255,8,2,0.58,Delayed,1.99
102,Finance,2022-08-04,91,149,2022-12-31,20954,10,10,0.28,Delayed,2.45
103,Marketing,2023-08-16,162,211,2024-03-14,433321,24,4,0.43,Delayed,1.0
104,Finance,2021-07-12,30,99,2021-10-19,350621,8,5,0.51,Delayed,2.05
105,Finance,2022-04-24,288,428,2023-06-26,395925,20,8,0.13,Delayed,3.01
106,HR,2020-11-16,348,428,2022-01-18,118872,19,9,0.6,Delayed,1.42
107,Operations,2023-12-13,123,197,2024-06-27,378432,7,2,0.12,Delayed,2.17
108,HR,2021-08-10,64,44,2021-09-23,146487,24,8,0.83,OnTime,4.07
109,Marketing,2023-06-06,299,338,2024-05-09,361005,5,5,0.19,Delayed,2.65
110,Finance,2021-07-27,161,229,2022-03-13,24060,12,9,0.68,Delayed,1.0
111,Operations,2023-08-11,133,126,2023-12-15,49711,21,6,0.54,OnTime,5.0
112,HR,2020-05-24,254,286,2021-03-06,439671,10,3,0.54,Delayed,1.0
113,Operations,2020-07-16,163,209,2021-02-10,106646,21,8,0.69,Delayed,3.71
114,Finance,2022-07-11,186,203,2023-01-30,369864,3,5,0.78,Delayed,1.97
115,Finance,2020-10-15,283,348,2021-09-28,331345,12,5,0.88,Delayed,3.04
116,Marketing,2023-03-28,332,420,2024-05-21,212967,22,8,0.5,Delayed,1.49
117,IT,2023-07-08,186,212,2024-02-05,94291,14,2,0.01,Delayed,3.33
118,Finance,2022-03-04,328,334,2023-02-01,81315,13,10,0.34,Delayed,4.0
119,Finance,2023-03-03,229,231,2023-10-20,404030,16,10,0.59,Delayed,4.45
120,Marketing,2022-04-07,200,279,2023-01-11,221951,6,5,0.92,Delayed,2.13
121,IT,2020-05-06,135,206,2020-11-28,206382,11,6,0.08,Delayed,1.37
122,Operations,2021-02-23,211,247,2021-10-28,110158,24,7,0.23,Delayed,1.5
123,Marketing,2021-10-22,338,454,2023-01-19,67545,22,9,0.0,Delayed,1.0
124,Finance,2021-06-20,119,173,2021-12-10,476725,4,7,0.35,Delayed,1.0
125,HR,2021-02-21,46,153,2021-07-24,51914,14,3,0.25,Delayed,1.0
126,Finance,2023-03-30,206,214,2023-10-30,104270,13,6,0.22,Delayed,2.28
127,HR,2022-12-08,113,197,2023-06-23,453056,22,6,0.86,Delayed,1.0
128,IT,2020-11-22,286,406,2022-01-02,445165,21,8,0.9,Delayed,2.15
129,HR,2020-02-01,187,195,2020-08-14,431168,15,8,0.59,Delayed,3.04
130,Operations,2022-10-06,223,315,2023-08-17,36737,8,3,0.16,Delayed,1.0
131,IT,2023-07-11,84,166,2023-12-24,320914,12,10,0.9,Delayed,3.41
132,Finance,2020-02-24,317,431,2021-04-30,484460,10,1,0.55,Delayed,2.13
133,IT,2021-03-18,284,335,2022-02-16,459589,17,5,0.18,Delayed,1.0
134,Operations,2023-12-12,320,395,2025-01-10,359271,16,8,0.81,Delayed,2.71
135,HR,2021-03-27,194,315,2022-02-05,254446,18,2,0.01,Delayed,1.0
136,IT,2021-05-28,332,459,2022-08-30,226586,12,2,0.36,Delayed,3.76
137,Operations,2023-02-16,49,33,2023-03-21,436788,8,9,0.44,OnTime,4.17
138,HR,2022-05-03,309,369,2023-05-07,266713,16,7,0.8,Delayed,1.9
139,HR,2021-12-21,144,137,2022-05-07,481560,10,2,0.63,OnTime,3.5
140,HR,2023-06-12,33,166,2023-11-25,248009,15,2,0.27,Delayed,1.58
141,Marketing,2020-03-15,355,480,2021-07-08,333412,12,4,0.5,Delayed,1.85
142,Finance,2022-09-24,105,171,2023-03-14,58756,12,6,0.14,Delayed,1.32
143,Operations,2023-08-03,163,310,2024-06-08,237595,15,9,0.49,Delayed,3.19
144,Finance,2022-09-07,219,320,2023-07-24,177469,4,6,0.74,Delayed,2.26
145,IT,2022-03-29,210,225,2022-11-09,490626,23,8,0.44,Delayed,2.23
146,Marketing,2022-01-13,256,289,2022-10-29,431985,17,8,0.94,Delayed,2.43
147,Finance,2020-03-09,341,353,2021-02-25,69129,6,4,0.16,Delayed,2.24
148,Operations,2020-12-30,230,363,2021-12-28,142596,11,9,0.35,Delayed,2.23
149,HR,2023-05-25,90,173,2023-11-14,65337,9,3,0.82,Delayed,2.63
150,IT,2020-04-11,41,39,2020-05-20,101748,14,1,0.14,OnTime,4.78
151,IT,2020-11-25,86,120,2021-03-25,269568,17,8,0.76,Delayed,3.28
152,Finance,2021-01-08,227,231,2021-08-27,196833,14,10,0.05,Delayed,2.69
153,IT,2020-02-16,317,306,2020-12-18,39711,9,1,0.18,OnTime,4.65
154,IT,2020-11-30,146,132,2021-04-11,472984,21,8,0.97,OnTime,4.11
155,Operations,2021-12-27,111,206,2022-07-21,297654,5,2,0.52,Delayed,3.35
156,Operations,2023-03-21,137,161,2023-08-29,220017,5,5,0.53,Delayed,3.3
157,Operations,2022-09-12,212,299,2023-07-08,182070,17,8,0.54,Delayed,1.35
158,Operations,2021-12-22,190,185,2022-06-25,264444,12,2,0.02,OnTime,4.83
159,IT,2023-04-08,63,200,2023-10-25,301574,15,2,0.94,Delayed,3.22
160,Finance,2021-04-21,347,342,2022-03-29,95431,14,9,0.77,OnTime,3.45
161,Finance,2022-07-09,94,76,2022-09-23,119996,16,8,0.29,OnTime,3.2
162,Finance,2021-03-07,222,274,2021-12-06,407710,19,9,0.68,Delayed,1.23
163,IT,2023-03-09,216,232,2023-10-27,397132,7,6,0.98,Delayed,2.24
164,HR,2022-12-21,255,387,2024-01-12,296406,22,4,0.23,Delayed,2.93
165,Marketing,2023-08-26,272,361,2024-08-21,349273,13,2,0.38,Delayed,2.47
166,IT,2020-02-23,76,64,2020-04-27,86898,22,10,0.53,OnTime,4.41
167,Marketing,2021-02-22,207,268,2021-11-17,429901,19,8,0.9,Delayed,4.24
168,HR,2022-06-11,118,170,2022-11-28,112979,16,5,0.09,Delayed,1.33
169,IT,2022-08-09,352,454,2023-11-06,337304,5,9,0.85,Delayed,1.93
170,HR,2023-07-08,255,358,2024-06-30,43742,8,8,0.7,Delayed,1.81
171,Marketing,2023-04-14,119,244,2023-12-14,497877,7,5,0.99,Delayed,2.91
172,Marketing,2023-09-08,85,104,2023-12-21,171633,10,1,0.88,Delayed,2.04
173,Operations,2023-03-16,197,268,2023-12-09,468298,18,9,0.33,Delayed,2.32
174,Operations,2021-11-30,36,148,2022-04-27,58874,15,10,0.47,Delayed,1.37
175,Finance,2022-11-20,52,201,2023-06-09,378009,13,5,0.74,Delayed,2.37
176,HR,2021-08-11,41,59,2021-10-09,85713,15,1,0.56,Delayed,1.61
177,IT,2020-12-25,252,329,2021-11-19,416203,15,3,0.13,Delayed,3.19
178,Operations,2023-12-06,89,147,2024-05-01,101357,7,6,0.94,Delayed,1.76
179,Marketing,2021-04-28,271,318,2022-03-12,268778,19,6,0.71,Delayed,1.3
180,HR,2023-02-17,239,268,2023-11-12,164893,17,4,0.65,Delayed,1.96
181,IT,2022-08-05,36,44,2022-09-18,133786,3,6,0.37,Delayed,1.43
182,Operations,2023-12-24,255,263,2024-09-12,395539,19,3,0.45,Delayed,2.73
183,IT,2020-02-08,300,398,2021-03-12,348076,13,4,0.84,Delayed,1.28
184,Marketing,2022-04-28,265,336,2023-03-30,305900,23,5,0.64,Delayed,2.73
185,IT,2023-11-11,286,323,2024-09-29,251531,8,2,0.21,Delayed,2.07
186,HR,2023-07-18,237,243,2024-03-17,240983,16,9,0.87,Delayed,1.77
187,Marketing,2023-08-25,37,95,2023-11-28,355114,16,2,0.76,Delayed,1.06
188,Marketing,2021-11-23,53,92,2022-02-23,456841,5,4,0.8,Delayed,2.32
189,Finance,2023-03-22,251,247,2023-11-24,38541,14,4,0.43,OnTime,3.97
190,Operations,2021-12-26,146,255,2022-09-07,326759,10,1,0.01,Delayed,1.0
191,HR,2020-09-30,349,410,2021-11-14,355453,17,6,0.29,Delayed,2.79
192,HR,2020-04-11,296,363,2021-04-09,216376,19,9,0.57,Delayed,2.43
193,HR,2021-08-14,339,404,2022-09-22,106347,22,1,0.56,Delayed,1.12
194,Operations,2021-08-11,145,278,2022-05-16,322213,9,2,0.98,Delayed,2.04
195,Marketing,2020-03-30,203,304,2021-01-28,222977,17,2,0.04,Delayed,2.35
196,HR,2020-11-12,152,265,2021-08-04,225048,8,9,0.05,Delayed,2.13
197,Operations,2023-12-10,70,163,2024-05-21,100827,10,8,0.71,Delayed,1.42
198,Marketing,2020-09-07,36,99,2020-12-15,108511,6,6,0.82,Delayed,3.09
199,IT,2021-02-13,32,138,2021-07-01,162360,12,2,0.06,Delayed,1.35
200,IT,2023-08-17,272,373,2024-08-24,172962,16,4,0.74,Delayed,1.52
201,HR,2020-11-04,212,223,2021-06-15,124994,14,2,0.02,Delayed,1.0
202,Marketing,2020-11-07,88,198,2021-05-24,463531,12,3,0.68,Delayed,3.2
203,Marketing,2020-04-02,236,312,2021-02-08,433243,19,5,0.73,Delayed,1.52
204,HR,2021-05-30,249,336,2022-05-01,111757,22,8,0.54,Delayed,3.57
205,HR,2022-08-04,125,209,2023-03-01,82099,23,2,0.49,Delayed,1.0
206,IT,2023-10-26,215,319,2024-09-09,400411,5,2,0.63,Delayed,1.43
207,HR,2022-06-29,254,332,2023-05-27,29975,6,7,0.63,Delayed,2.23
208,IT,2020-10-19,354,499,2022-03-02,398076,11,6,0.87,Delayed,1.0
209,Operations,2020-01-14,260,323,2020-12-02,247697,9,6,0.65,Delayed,1.13
210,HR,2023-04-01,258,242,2023-11-29,154832,10,8,0.4,OnTime,2.7
211,HR,2022-07-07,332,342,2023-06-14,390298,12,3,0.44,Delayed,1.41
212,IT,2022-04-23,286,398,2023-05-26,255011,10,1,0.25,Delayed,1.0
213,HR,2022-06-04,313,413,2023-07-22,308090,7,5,0.53,Delayed,2.71
214,Marketing,2020-06-04,236,349,2021-05-19,141691,22,2,0.99,Delayed,2.97
215,Finance,2022-08-26,322,321,2023-07-13,272425,3,7,0.22,OnTime,4.15
216,IT,2022-11-01,305,327,2023-09-24,206733,4,9,0.64,Delayed,1.11
217,IT,2023-04-23,68,198,2023-11-07,89141,22,7,0.03,Delayed,3.11
218,IT,2022-01-15,37,101,2022-04-26,133008,10,6,0.87,Delayed,1.0
219,IT,2020-03-26,204,217,2020-10-29,58320,13,10,0.02,Delayed,2.67
220,HR,2020-10-29,261,353,2021-10-17,498011,10,9,0.69,Delayed,1.48
221,Operations,2022-03-11,30,156,2022-08-14,351278,18,5,0.67,Delayed,1.0
222,Operations,2022-10-06,221,263,2023-06-26,15704,3,9,0.99,Delayed,2.94
223,Operations,2022-02-19,102,158,2022-07-27,488366,11,4,0.65,Delayed,2.9
224,HR,2021-01-31,308,370,2022-02-05,27772,13,1,0.12,Delayed,1.86
225,HR,2022-04-01,118,240,2022-11-27,361296,14,10,0.4,Delayed,1.11
226,HR,2023-12-11,334,348,2024-11-23,425659,8,10,0.59,Delayed,3.55
227,Finance,2022-08-25,139,192,2023-03-05,297681,16,9,0.38,Delayed,2.06
228,Operations,2021-03-29,146,279,2022-01-02,145832,14,5,0.4,Delayed,3.13
229,Marketing,2023-08-09,329,323,2024-06-27,345914,18,7,0.81,OnTime,3.8
230,IT,2021-12-15,80,74,2022-02-27,55379,23,6,0.19,OnTime,4.31
231,Finance,2023-09-19,81,87,2023-12-15,183724,17,3,0.58,Delayed,2.25
232,HR,2020-01-02,106,217,2020-08-06,241513,13,7,0.68,Delayed,1.52
233,Finance,2022-11-28,188,238,2023-07-24,492238,19,10,0.19,Delayed,1.86
234,Marketing,2023-11-09,201,300,2024-09-04,52668,12,7,0.64,Delayed,2.8
235,Marketing,2023-07-24,243,359,2024-07-17,193321,11,10,0.17,Delayed,2.74
236,Finance,2020-05-31,237,265,2021-02-20,242601,7,4,0.27,Delayed,1.75
237,IT,2021-06-14,129,168,2021-11-29,172982,12,9,0.1,Delayed,1.16
238,Finance,2020-08-29,98,126,2021-01-02,256242,14,2,0.47,Delayed,4.15
239,Finance,2021-10-22,179,195,2022-05-05,26014,5,7,0.55,Delayed,1.44
240,Operations,2021-05-23,283,415,2022-07-12,27727,5,7,0.7,Delayed,1.0
241,IT,2023-10-29,154,300,2024-08-24,136888,19,7,0.34,Delayed,2.39
242,Operations,2023-01-30,71,82,2023-04-22,494518,15,4,0.09,Delayed,3.2
243,HR,2020-12-18,193,303,2021-10-17,288600,10,1,0.23,Delayed,1.41
244,Operations,2021-07-14,345,454,2022-10-11,211659,7,5,0.27,Delayed,1.8
245,IT,2020-03-07,329,433,2021-05-14,317257,5,6,0.67,Delayed,3.67
246,Marketing,2020-04-25,293,422,2021-06-21,185915,6,5,0.18,Delayed,2.42
247,Finance,2020-10-13,332,366,2021-10-14,272351,12,9,0.82,Delayed,1.98
248,Operations,2020-08-24,308,379,2021-09-07,196994,10,6,0.99,Delayed,2.38
249,Finance,2023-06-25,350,450,2024-09-17,223277,23,4,0.62,Delayed,2.19
250,Operations,2023-03-30,301,318,2024-02-11,19715,4,4,0.3,Delayed,1.69
251,Marketing,2020-04-23,266,311,2021-02-28,225400,23,2,0.94,Delayed,1.0
252,HR,2023-04-18,219,349,2024-04-01,28073,6,2,0.52,Delayed,2.51
253,Operations,2023-12-13,172,237,2024-08-06,212043,7,4,0.21,Delayed,1.56
254,Finance,2023-05-24,187,300,2024-03-19,193362,18,7,0.3,Delayed,3.17
255,Operations,2020-03-13,192,237,2020-11-05,459370,4,3,0.35,Delayed,2.05
256,Finance,2022-03-03,282,315,2023-01-12,39984,6,1,0.61,Delayed,2.17
257,Marketing,2022-04-01,267,371,2023-04-07,124099,5,3,0.4,Delayed,1.63
258,Finance,2023-11-16,54,112,2024-03-07,449875,15,4,0.44,Delayed,1.01
259,IT,2021-03-22,189,261,2021-12-08,481082,4,7,0.15,Delayed,1.31
260,Marketing,2021-11-20,282,420,2023-01-14,392007,17,9,0.43,Delayed,1.94
261,IT,2023-01-27,178,230,2023-09-14,453547,16,3,0.18,Delayed,2.94
262,HR,2022-02-23,130,212,2022-09-23,437387,22,4,0.66,Delayed,3.52
263,HR,2021-02-25,260,302,2021-12-24,445684,22,3,0.37,Delayed,3.21
264,HR,2021-08-20,162,271,2022-05-18,73037,23,6,0.79,Delayed,1.68
265,Operations,2021-10-22,167,204,2022-05-14,146614,7,1,0.32,Delayed,2.42
266,HR,2020-12-03,202,341,2021-11-09,272307,19,3,0.27,Delayed,3.08
267,HR,2021-01-29,220,348,2022-01-12,130575,23,10,0.13,Delayed,1.61
268,IT,2021-08-16,261,397,2022-09-17,423093,12,5,0.96,Delayed,2.55
269,IT,2021-09-16,134,130,2022-01-24,13191,11,9,0.69,OnTime,2.72
270,IT,2022-10-30,271,308,2023-09-03,38671,10,5,0.83,Delayed,1.59
271,IT,2022-01-28,319,306,2022-11-30,431818,24,8,0.23,OnTime,3.9
272,IT,2023-04-11,98,237,2023-12-04,73936,7,8,0.04,Delayed,2.98
273,HR,2020-03-27,72,180,2020-09-23,279932,21,8,0.11,Delayed,2.01
274,HR,2020-08-19,343,481,2021-12-13,125053,6,4,0.77,Delayed,1.46
275,Finance,2023-11-15,57,87,2024-02-10,169210,7,5,0.66,Delayed,1.22
276,Marketing,2022-09-18,249,309,2023-07-24,158702,10,8,0.62,Delayed,2.88
277,Operations,2022-08-19,78,93,2022-11-20,107661,6,9,0.64,Delayed,1.42
278,Operations,2021-01-04,295,423,2022-03-03,488883,14,8,0.11,Delayed,2.04
279,Operations,2022-02-19,210,349,2023-02-03,122990,18,2,0.13,Delayed,2.56
280,Finance,2020-07-01,182,220,2021-02-06,195165,20,6,0.27,Delayed,1.79
281,Marketing,2023-04-10,317,409,2024-05-23,262791,23,3,0.67,Delayed,2.75
282,Finance,2022-02-18,262,259,2022-11-04,372644,15,5,0.98,OnTime,3.71
283,Marketing,2020-10-28,267,381,2021-11-13,235942,14,6,0.75,Delayed,2.29
284,HR,2022-02-08,58,64,2022-04-13,189761,17,3,0.15,Delayed,1.0
285,Operations,2022-12-03,307,451,2024-02-27,77260,3,8,0.61,Delayed,2.16
286,IT,2023-07-28,157,247,2024-03-31,360343,12,10,0.01,Delayed,1.14
287,Marketing,2020-05-08,290,272,2021-02-04,485584,6,8,0.19,OnTime,4.27
288,IT,2021-04-17,39,167,2021-10-01,177807,16,7,0.61,Delayed,2.82
289,Operations,2022-12-25,141,133,2023-05-07,127235,6,6,0.85,OnTime,4.25
290,IT,2022-11-03,150,291,2023-08-21,50372,22,3,0.84,Delayed,2.32
291,Finance,2022-12-29,341,421,2024-02-23,354761,6,4,0.72,Delayed,2.22
292,Marketing,2022-04-01,231,248,2022-12-05,74429,6,9,0.39,Delayed,2.93
293,Marketing,2020-09-29,148,198,2021-04-15,78099,16,3,0.06,Delayed,3.54
294,Finance,2022-06-18,283,286,2023-03-31,337841,20,3,0.27,Delayed,4.01
295,HR,2020-02-29,334,376,2021-03-11,147069,21,6,0.7,Delayed,2.55
296,IT,2020-01-19,202,275,2020-10-20,300998,19,7,0.24,Delayed,1.51
297,Marketing,2022-04-10,145,237,2022-12-03,356874,17,9,0.93,Delayed,1.0
298,Finance,2023-07-07,177,203,2024-01-26,225002,17,6,0.99,Delayed,3.85
299,Operations,2020-05-03,104,186,2020-11-05,417688,18,5,0.18,Delayed,1.0
300,IT,2022-08-30,136,228,2023-04-15,147469,24,6,0.52,Delayed,1.0
301,Marketing,2021-07-16,274,400,2022-08-20,93369,5,10,0.87,Delayed,1.63
302,Finance,2020-02-18,103,87,2020-05-15,381043,8,10,0.08,OnTime,4.32
303,HR,2022-01-12,324,466,2023-04-23,366992,6,6,0.06,Delayed,1.54
304,IT,2022-09-11,65,202,2023-04-01,142503,14,10,0.28,Delayed,1.65
305,Operations,2023-05-28,192,185,2023-11-29,158087,12,6,0.43,OnTime,3.62
306,Operations,2022-04-20,330,416,2023-06-10,143715,20,10,0.56,Delayed,2.71
307,Finance,2020-07-14,207,347,2021-06-26,40682,9,6,0.9,Delayed,2.07
308,HR,2020-07-17,183,282,2021-04-25,121487,16,9,0.49,Delayed,2.52
309,HR,2020-01-21,111,159,2020-06-28,259430,7,8,0.34,Delayed,2.31
310,HR,2021-03-20,190,286,2021-12-31,427475,12,9,0.85,Delayed,1.87
311,Finance,2022-10-11,318,378,2023-10-24,216487,4,10,0.54,Delayed,2.24
312,Operations,2022-08-23,227,304,2023-06-23,341328,12,5,0.14,Delayed,3.43
313,Marketing,2020-01-22,141,177,2020-07-17,340817,12,2,0.86,Delayed,3.63
314,Finance,2021-08-10,323,361,2022-08-06,58777,5,3,0.79,Delayed,1.74
315,Operations,2022-08-17,61,175,2023-02-08,290852,22,10,0.33,Delayed,2.12
316,HR,2021-01-10,261,319,2021-11-25,290277,22,9,0.56,Delayed,3.62
317,Marketing,2022-11-15,95,227,2023-06-30,163335,5,8,0.28,Delayed,3.26
318,Marketing,2021-11-09,308,376,2022-11-20,192650,20,3,0.44,Delayed,1.54
319,Finance,2022-02-17,297,350,2023-02-02,190231,11,4,0.28,Delayed,3.05
320,Operations,2020-08-25,133,154,2021-01-26,410187,22,6,0.79,Delayed,1.0
321,HR,2022-02-13,288,294,2022-12-04,220545,13,8,0.51,Delayed,1.57
322,Marketing,2021-09-04,205,291,2022-06-22,231796,6,6,0.97,Delayed,2.09
323,Finance,2021-06-27,166,157,2021-12-01,466586,16,7,0.97,OnTime,4.21
324,Operations,2021-10-31,298,439,2023-01-13,273427,8,10,0.43,Delayed,1.95
325,IT,2020-09-03,157,163,2021-02-13,411220,5,1,0.03,Delayed,1.5
326,Operations,2022-10-18,162,150,2023-03-17,412803,8,2,0.11,OnTime,4.45
327,Finance,2023-11-01,242,352,2024-10-18,272731,18,5,0.11,Delayed,2.24
328,Finance,2021-06-29,70,100,2021-10-07,154302,20,10,0.61,Delayed,1.54
329,Operations,2020-10-05,205,312,2021-08-13,353701,19,5,0.81,Delayed,1.52
330,Finance,2020-10-15,241,345,2021-09-25,139295,4,2,0.31,Delayed,2.67
331,Marketing,2020-09-04,185,211,2021-04-03,339638,8,9,0.66,Delayed,1.78
332,HR,2021-03-17,332,349,2022-03-01,122782,23,3,0.76,Delayed,1.41
333,Operations,2022-08-06,331,452,2023-11-01,196339,14,1,0.77,Delayed,2.63
334,Finance,2020-07-28,144,257,2021-04-11,345098,4,8,0.38,Delayed,3.11
335,Finance,2020-05-21,129,180,2020-11-17,287181,5,3,0.98,Delayed,1.81
336,HR,2020-10-07,299,432,2021-12-13,254325,24,9,0.29,Delayed,1.06
337,Marketing,2022-08-04,304,311,2023-06-11,277219,15,7,0.62,Delayed,4.04
338,IT,2021-09-24,304,425,2022-11-23,265095,8,5,0.54,Delayed,2.94
339,Finance,2022-07-24,315,303,2023-05-23,331855,3,8,0.28,OnTime,4.6
340,Marketing,2020-02-10,225,272,2020-11-08,191211,10,2,0.67,Delayed,1.11
341,IT,2023-02-24,284,279,2023-11-30,45292,19,3,0.27,OnTime,4.28
342,Operations,2021-10-22,354,381,2022-11-07,330787,7,3,0.49,Delayed,3.39
343,IT,2022-10-09,230,346,2023-09-20,56403,5,1,0.06,Delayed,1.48
344,Marketing,2021-03-13,105,131,2021-07-22,321822,11,3,0.89,Delayed,2.24
345,Marketing,2021-08-27,261,261,2022-05-15,362050,8,4,0.79,OnTime,5.0
346,Operations,2020-12-13,57,40,2021-01-22,490661,14,3,0.65,OnTime,4.89
347,Marketing,2020-07-12,191,261,2021-03-30,283334,11,1,0.27,Delayed,2.91
348,Marketing,2021-07-26,297,282,2022-05-04,145450,10,3,0.28,OnTime,3.83
349,IT,2021-03-16,122,210,2021-10-12,471552,5,8,0.47,Delayed,1.0
350,Operations,2021-10-14,218,246,2022-06-17,420925,19,8,0.04,Delayed,1.0
351,HR,2022-06-10,119,137,2022-10-25,419940,23,1,0.22,Delayed,1.49
352,HR,2020-08-20,294,361,2021-08-16,253236,19,9,0.82,Delayed,1.88
353,Operations,2022-03-29,88,234,2022-11-18,321478,11,7,0.49,Delayed,1.6
354,Finance,2020-01-01,197,284,2020-10-11,18210,14,8,0.91,Delayed,1.35
355,IT,2023-02-06,297,437,2024-04-18,267324,9,10,0.72,Delayed,2.81
356,HR,2022-04-29,175,222,2022-12-07,223981,3,4,0.37,Delayed,2.54
357,HR,2021-02-15,113,205,2021-09-08,374256,14,10,0.32,Delayed,1.47
358,Marketing,2020-04-14,231,261,2020-12-31,151130,15,10,0.5,Delayed,3.51
359,Operations,2021-07-16,147,247,2022-03-20,116022,5,4,0.64,Delayed,2.21
360,IT,2021-01-21,325,306,2021-11-23,482144,11,3,0.45,OnTime,5.0
361,IT,2023-08-27,330,410,2024-10-10,347108,19,9,0.73,Delayed,2.97
362,Marketing,2023-02-04,175,318,2023-12-19,439484,11,5,0.86,Delayed,2.43
363,Marketing,2022-11-19,217,304,2023-09-19,183921,5,3,0.86,Delayed,1.87
364,HR,2020-12-25,104,131,2021-05-05,450991,24,4,0.39,Delayed,2.81
365,Finance,2021-11-09,319,454,2023-02-06,479924,9,4,0.04,Delayed,2.23
366,Operations,2022-07-02,155,273,2023-04-01,268864,19,6,0.85,Delayed,1.0
367,Operations,2023-11-16,205,300,2024-09-11,101575,14,6,0.45,Delayed,1.19
368,HR,2022-04-16,96,150,2022-09-13,211260,6,10,0.04,Delayed,2.42
369,Marketing,2020-12-28,263,293,2021-10-17,167489,8,5,0.29,Delayed,1.91
370,IT,2023-01-15,163,160,2023-06-24,212747,11,1,0.09,OnTime,4.18
371,Marketing,2020-02-28,155,279,2020-12-03,69500,18,6,0.54,Delayed,2.18
372,Operations,2021-11-04,338,440,2023-01-18,217190,21,3,0.3,Delayed,1.0
373,HR,2023-12-10,138,168,2024-05-26,211465,19,5,0.34,Delayed,1.0
374,IT,2023-07-27,154,274,2024-04-26,68478,4,4,0.4,Delayed,2.75
375,IT,2020-09-29,128,189,2021-04-06,84965,21,5,0.73,Delayed,2.08
376,HR,2021-09-04,193,290,2022-06-21,390562,23,2,0.72,Delayed,1.92
377,HR,2023-03-09,275,403,2024-04-15,54789,13,7,0.12,Delayed,1.33
378,IT,2021-07-11,41,90,2021-10-09,76418,21,10,0.98,Delayed,2.87
379,IT,2022-03-30,99,180,2022-09-26,462170,3,8,0.44,Delayed,2.74
380,Operations,2021-05-13,271,332,2022-04-10,424299,21,4,0.81,Delayed,2.19
381,Finance,2020-06-11,77,129,2020-10-18,110167,22,1,0.64,Delayed,1.0
382,Operations,2023-09-08,354,346,2024-08-19,428734,16,7,0.02,OnTime,3.36
383,Finance,2021-04-24,51,123,2021-08-25,146917,13,3,0.69,Delayed,1.59
384,Marketing,2023-05-12,223,371,2024-05-17,325031,5,8,0.53,Delayed,1.25
385,HR,2023-08-19,192,190,2024-02-25,394369,10,10,0.83,OnTime,4.58
386,Finance,2020-01-01,66,186,2020-07-05,52727,10,5,0.82,Delayed,2.52
387,Finance,2020-07-19,156,136,2020-12-02,423347,5,2,0.1,OnTime,5.0
388,HR,2023-11-08,289,426,2025-01-07,372462,8,3,0.55,Delayed,1.3
389,IT,2022-06-28,217,230,2023-02-13,470844,21,6,0.3,Delayed,2.0
390,IT,2023-11-04,173,254,2024-07-15,246731,4,2,0.71,Delayed,1.18
391,HR,2020-07-02,140,278,2021-04-06,373003,4,7,0.4,Delayed,1.21
392,Marketing,2022-11-16,147,179,2023-05-14,300598,3,1,0.64,Delayed,1.53
393,IT,2021-03-12,298,298,2022-01-04,132258,23,3,0.65,OnTime,1.58
394,IT,2022-10-30,83,114,2023-02-21,35235,20,2,0.71,Delayed,2.18
395,HR,2022-10-08,82,213,2023-05-09,238174,24,4,0.14,Delayed,1.26
396,IT,2023-08-06,277,354,2024-07-25,189838,13,9,0.75,Delayed,2.89
397,IT,2022-09-17,270,342,2023-08-25,435113,20,6,0.71,Delayed,1.14
398,Marketing,2021-09-24,94,180,2022-03-23,42402,11,2,0.31,Delayed,3.13
399,Marketing,2021-09-03,336,456,2022-12-03,101218,19,6,0.38,Delayed,1.93
400,HR,2022-07-17,345,444,2023-10-04,295622,12,7,0.25,Delayed,3.98
401,IT,2020-08-22,42,122,2020-12-22,461488,14,1,0.68,Delayed,4.24
402,Marketing,2023-08-09,327,451,2024-11-02,289652,24,7,0.5,Delayed,1.59
403,IT,2023-10-10,332,457,2025-01-09,116239,16,3,0.37,Delayed,3.24
404,IT,2020-01-31,45,161,2020-07-10,30808,8,6,0.88,Delayed,1.68
405,HR,2023-01-28,138,204,2023-08-20,379836,15,2,0.39,Delayed,2.14
406,IT,2022-04-01,94,173,2022-09-21,70948,13,3,0.67,Delayed,1.66
407,Operations,2020-02-18,147,180,2020-08-16,459076,14,5,0.69,Delayed,2.29
408,HR,2022-05-17,167,309,2023-03-22,296616,5,6,0.53,Delayed,1.82
409,HR,2023-04-20,53,61,2023-06-20,464826,6,10,0.52,Delayed,1.0
410,HR,2023-03-25,301,384,2024-04-12,218475,14,6,0.02,Delayed,3.11
411,HR,2020-06-23,251,392,2021-07-20,433332,8,7,0.02,Delayed,2.98
412,IT,2021-06-02,273,309,2022-04-07,161165,14,5,0.65,Delayed,1.26
413,Finance,2023-06-05,140,170,2023-11-22,162008,13,8,0.78,Delayed,1.78
414,Operations,2023-05-22,88,199,2023-12-07,186743,5,9,0.94,Delayed,3.49
415,HR,2023-06-03,234,292,2024-03-21,113547,14,10,0.58,Delayed,4.13
416,Marketing,2023-09-16,172,183,2024-03-17,196907,24,9,0.2,Delayed,2.43
417,Marketing,2023-01-18,228,313,2023-11-27,349384,12,3,0.15,Delayed,2.5
418,Operations,2022-10-03,350,378,2023-10-16,42430,22,6,0.29,Delayed,3.14
419,Marketing,2021-07-12,188,193,2022-01-21,380416,20,5,0.5,Delayed,1.0
420,IT,2020-01-15,253,293,2020-11-03,424841,23,5,0.62,Delayed,1.28
421,Finance,2021-08-20,239,296,2022-06-12,303577,16,3,0.17,Delayed,1.0
422,HR,2023-06-12,137,277,2024-03-15,165344,18,2,0.85,Delayed,1.73
423,HR,2020-09-28,97,175,2021-03-22,297995,18,8,0.71,Delayed,2.05
424,IT,2023-03-08,118,115,2023-07-01,246562,8,6,0.01,OnTime,4.27
425,HR,2023-11-14,289,376,2024-11-24,297516,4,1,0.96,Delayed,2.43
426,Marketing,2023-06-24,37,157,2023-11-28,422009,10,4,0.25,Delayed,2.02
427,Marketing,2022-04-12,68,128,2022-08-18,448458,22,8,0.76,Delayed,2.31
428,IT,2021-02-24,103,118,2021-06-22,421236,12,5,0.22,Delayed,3.05
429,IT,2022-05-21,351,385,2023-06-10,446679,18,6,0.43,Delayed,1.98
430,HR,2023-04-11,39,27,2023-05-08,50695,4,3,0.49,OnTime,3.61
431,HR,2021-08-23,122,172,2022-02-11,95744,5,4,0.09,Delayed,1.0
432,IT,2022-11-06,303,398,2023-12-09,408172,22,5,0.36,Delayed,1.58
433,IT,2020-11-19,143,123,2021-03-22,287561,15,4,0.1,OnTime,2.78
434,Finance,2020-04-14,222,346,2021-03-26,468005,4,8,0.28,Delayed,2.03
435,Finance,2022-01-02,97,215,2022-08-05,406087,21,5,0.52,Delayed,1.19
436,Operations,2021-11-30,228,254,2022-08-11,315142,9,10,0.89,Delayed,2.96
437,Marketing,2021-02-08,161,163,2021-07-21,84601,22,2,0.2,Delayed,1.0
438,IT,2023-03-16,141,223,2023-10-25,417085,16,9,0.36,Delayed,2.36
439,IT,2020-09-27,224,314,2021-08-07,386087,10,4,0.69,Delayed,2.68
440,Marketing,2020-10-16,210,305,2021-08-17,256038,15,5,0.39,Delayed,3.19
441,Operations,2020-06-29,347,495,2021-11-06,59976,24,6,0.05,Delayed,1.0
442,HR,2021-01-18,208,273,2021-10-18,425534,6,6,0.73,Delayed,1.0
443,Finance,2021-02-23,268,416,2022-04-15,167636,15,7,0.61,Delayed,1.15
444,IT,2023-04-23,76,173,2023-10-13,488947,9,8,0.76,Delayed,1.08
445,HR,2020-11-05,178,173,2021-04-27,382282,12,10,0.02,OnTime,4.11
446,HR,2022-09-03,168,157,2023-02-07,250341,19,4,0.95,OnTime,2.6
447,HR,2023-02-08,182,284,2023-11-19,414372,7,6,0.78,Delayed,1.15
448,Marketing,2023-01-09,117,200,2023-07-28,95774,9,6,0.92,Delayed,2.54
449,HR,2021-02-10,196,301,2021-12-08,111968,4,9,0.2,Delayed,1.0
450,Finance,2023-08-24,274,256,2024-05-06,439392,19,7,0.55,OnTime,3.02
451,IT,2022-08-20,300,379,2023-09-03,322863,6,2,0.02,Delayed,1.6
452,Finance,2020-03-18,343,355,2021-03-08,191517,4,7,0.23,Delayed,2.3
453,IT,2023-08-31,197,259,2024-05-16,141060,3,5,0.72,Delayed,1.76
454,Operations,2021-10-20,233,292,2022-08-08,14986,13,10,0.81,Delayed,2.27
455,Operations,2023-01-23,180,161,2023-07-03,337031,24,3,0.5,OnTime,3.84
456,HR,2021-01-09,143,138,2021-05-27,414470,21,3,0.01,OnTime,3.62
457,Finance,2021-04-08,357,460,2022-07-12,116464,19,5,0.31,Delayed,3.25
458,Finance,2023-01-25,34,70,2023-04-05,245419,16,5,0.07,Delayed,1.0
459,Operations,2022-12-18,62,103,2023-03-31,255809,18,9,0.69,Delayed,1.57
460,HR,2021-07-12,196,208,2022-02-05,56220,22,6,0.73,Delayed,1.84
461,HR,2020-08-02,43,169,2021-01-18,493455,24,8,0.99,Delayed,2.42
462,Operations,2020-12-26,86,201,2021-07-15,195917,12,1,0.1,Delayed,1.83
463,HR,2023-09-10,347,495,2025-01-17,405204,20,10,0.58,Delayed,2.1
464,Operations,2022-10-15,295,372,2023-10-22,42088,5,2,0.29,Delayed,1.0
465,Finance,2021-08-08,195,196,2022-02-20,100265,13,7,0.08,Delayed,1.45
466,IT,2023-02-05,113,203,2023-08-27,157265,23,2,0.7,Delayed,1.73
467,Marketing,2023-03-03,236,242,2023-10-31,13849,11,1,0.67,Delayed,2.78
468,Operations,2022-12-18,287,423,2024-02-14,50387,3,3,0.11,Delayed,4.52
469,Operations,2020-09-22,338,396,2021-10-23,320586,24,3,0.88,Delayed,2.39
470,Marketing,2021-09-01,54,61,2021-11-01,203984,19,4,0.94,Delayed,1.0
471,HR,2023-03-06,193,255,2023-11-16,274064,12,4,0.73,Delayed,3.42
472,IT,2020-09-18,205,350,2021-09-03,381344,12,2,0.74,Delayed,2.7
473,Finance,2021-11-20,273,337,2022-10-23,269480,17,4,0.43,Delayed,3.75
474,HR,2021-01-11,70,219,2021-08-18,276161,22,8,0.65,Delayed,3.38
475,HR,2022-01-26,180,270,2022-10-23,335087,22,1,0.21,Delayed,1.08
476,IT,2020-10-22,232,272,2021-07-21,391873,5,10,0.6,Delayed,1.17
477,IT,2020-12-03,123,150,2021-05-02,126214,12,2,0.81,Delayed,1.0
478,IT,2022-05-19,350,449,2023-08-11,485738,16,8,0.07,Delayed,2.21
479,Finance,2021-05-04,238,290,2022-02-18,184588,8,9,0.33,Delayed,1.58
480,Operations,2020-12-28,152,299,2021-10-23,184499,20,5,0.78,Delayed,3.36
481,Finance,2020-03-03,179,297,2020-12-25,398793,15,4,0.59,Delayed,1.2
482,Operations,2020-03-28,353,461,2021-07-02,166470,5,6,0.66,Delayed,1.0
483,Operations,2023-11-09,131,148,2024-04-05,285796,18,5,0.79,Delayed,2.81
484,IT,2022-03-13,98,206,2022-10-05,12187,12,7,0.25,Delayed,2.55
485,Finance,2020-03-01,348,449,2021-05-24,286531,15,7,0.22,Delayed,2.56
486,IT,2021-09-13,206,291,2022-07-01,71753,9,1,0.32,Delayed,2.61
487,Operations,2022-04-08,166,151,2022-09-06,123650,15,3,0.35,OnTime,5.0
488,Marketing,2020-03-27,105,242,2020-11-24,16968,24,9,0.16,Delayed,2.11
489,Operations,2021-10-14,189,214,2022-05-16,173187,17,7,0.43,Delayed,2.62
490,Marketing,2021-04-29,163,250,2022-01-04,185121,24,6,0.08,Delayed,2.41
491,Operations,2021-12-21,155,294,2022-10-11,475833,21,10,0.35,Delayed,1.78
492,Marketing,2023-06-11,57,47,2023-07-28,495581,9,7,0.24,OnTime,3.75
493,IT,2023-02-24,176,273,2023-11-24,317086,10,9,0.42,Delayed,3.34
494,IT,2020-11-25,204,340,2021-10-31,494273,4,3,0.55,Delayed,1.0
495,Marketing,2022-07-18,122,149,2022-12-14,212160,23,7,0.14,Delayed,1.0
496,IT,2023-09-10,311,339,2024-08-14,287954,9,10,0.51,Delayed,2.65
497,HR,2022-03-31,222,263,2022-12-19,153888,13,9,0.67,Delayed,2.94
498,Finance,2021-02-19,311,414,2022-04-09,412575,24,9,0.54,Delayed,1.78
499,Finance,2023-01-21,115,174,2023-07-14,299192,21,3,0.29,Delayed,3.04
500,IT,2021-10-20,300,410,2022-12-04,276378,23,9,0.8,Delayed,5.0
501,HR,2021-03-10,77,192,2021-09-18,143653,8,9,0.74,Delayed,2.15
502,HR,2022-12-08,202,263,2023-08-28,451153,15,6,0.43,Delayed,3.18
503,IT,2020-08-08,152,198,2021-02-22,89698,5,6,0.73,Delayed,3.55
504,Finance,2021-10-05,89,184,2022-04-07,143962,13,2,0.66,Delayed,2.81
505,Operations,2021-07-14,188,291,2022-05-01,158961,17,9,0.58,Delayed,3.44
506,HR,2023-10-23,347,365,2024-10-22,462063,22,1,0.01,Delayed,1.0
507,Marketing,2023-05-19,221,244,2024-01-18,292140,9,9,0.35,Delayed,1.0
508,Operations,2023-11-24,244,354,2024-11-12,257572,6,10,0.58,Delayed,1.65
509,Operations,2022-07-26,199,191,2023-02-02,49178,24,8,0.59,OnTime,4.31
510,HR,2021-01-20,123,240,2021-09-17,446523,13,1,0.58,Delayed,1.0
511,HR,2023-04-16,308,433,2024-06-22,17485,19,6,0.53,Delayed,3.32
512,Marketing,2020-03-01,158,293,2020-12-19,448164,16,4,0.82,Delayed,2.73
513,HR,2022-09-25,236,347,2023-09-07,427247,8,8,0.09,Delayed,1.05
514,HR,2021-01-26,286,430,2022-04-01,246094,24,6,0.42,Delayed,3.43
515,Marketing,2021-08-30,192,250,2022-05-07,380180,16,2,0.78,Delayed,1.0
516,IT,2021-03-30,133,189,2021-10-05,432117,20,2,0.75,Delayed,1.68
517,Operations,2023-04-20,285,302,2024-02-16,307647,22,10,0.01,Delayed,4.45
518,HR,2023-11-24,282,274,2024-08-24,335488,5,4,0.89,OnTime,3.06
519,Finance,2022-07-05,333,347,2023-06-17,436149,16,8,0.62,Delayed,2.39
520,Operations,2023-10-10,32,96,2024-01-14,496524,12,3,0.58,Delayed,3.09
521,Marketing,2021-01-17,48,101,2021-04-28,43340,13,9,0.23,Delayed,2.7
522,Marketing,2022-09-20,212,219,2023-04-27,394708,7,3,0.44,Delayed,2.16
523,IT,2023-02-10,199,344,2024-01-20,89768,16,2,0.36,Delayed,2.2
524,Finance,2023-09-28,88,156,2024-03-02,350968,24,10,0.55,Delayed,2.65
525,Operations,2022-04-12,93,143,2022-09-02,263187,3,8,0.71,Delayed,3.99
526,Marketing,2020-04-02,171,298,2021-01-25,407745,18,1,0.61,Delayed,1.47
527,Operations,2022-12-02,236,227,2023-07-17,175159,24,4,0.96,OnTime,3.22
528,HR,2023-01-22,42,87,2023-04-19,428596,19,6,0.64,Delayed,5.0
529,Finance,2022-05-25,328,457,2023-08-25,24995,10,8,0.23,Delayed,2.21
530,IT,2021-03-14,173,214,2021-10-14,425466,9,8,0.2,Delayed,2.74
531,Finance,2023-04-19,244,311,2024-02-24,275471,11,3,0.2,Delayed,2.69
532,Finance,2023-05-31,148,184,2023-12-01,197655,17,5,0.06,Delayed,1.0
533,IT,2020-10-02,260,292,2021-07-21,15750,14,1,0.67,Delayed,1.68
534,HR,2021-05-08,40,117,2021-09-02,491201,9,10,0.23,Delayed,2.66
535,IT,2020-10-02,79,160,2021-03-11,12775,12,4,0.44,Delayed,2.33
536,Operations,2021-08-06,325,360,2022-08-01,241318,10,8,0.22,Delayed,2.02
537,Marketing,2021-07-21,89,206,2022-02-12,418624,6,4,0.21,Delayed,1.62
538,Marketing,2020-06-14,307,416,2021-08-04,399150,13,5,0.48,Delayed,2.33
539,Marketing,2023-07-13,157,288,2024-04-26,427122,14,7,0.08,Delayed,1.0
540,HR,2022-04-04,135,123,2022-08-05,234021,15,9,0.57,OnTime,3.68
541,Marketing,2023-10-26,135,129,2024-03-03,179934,9,1,0.77,OnTime,1.97
542,Finance,2020-07-19,67,117,2020-11-13,303624,5,2,0.12,Delayed,3.99
543,HR,2020-07-05,253,294,2021-04-25,438519,15,1,0.82,Delayed,3.73
544,Marketing,2020-07-06,299,373,2021-07-14,292933,6,7,0.93,Delayed,2.07
545,Marketing,2022-04-24,189,334,2023-03-24,393095,23,3,0.22,Delayed,2.44
546,IT,2021-02-09,125,270,2021-11-06,344535,10,9,0.79,Delayed,1.57
547,IT,2022-06-24,285,340,2023-05-30,105408,7,4,0.67,Delayed,1.32
548,IT,2022-01-31,113,219,2022-09-07,283813,6,10,0.79,Delayed,1.32
549,IT,2020-10-02,234,294,2021-07-23,315077,6,1,0.55,Delayed,1.36
550,Operations,2023-09-13,248,336,2024-08-14,377894,16,8,0.21,Delayed,1.07
551,Operations,2023-02-08,216,208,2023-09-04,231094,7,1,0.77,OnTime,4.69
552,Finance,2022-01-27,239,363,2023-01-25,455725,9,2,0.4,Delayed,3.52
553,Operations,2023-01-22,298,371,2024-01-28,450980,18,7,0.65,Delayed,2.7
554,Operations,2023-04-18,231,318,2024-03-01,245998,23,7,0.63,Delayed,1.0
555,Operations,2022-07-14,342,373,2023-07-22,176536,24,1,0.8,Delayed,1.22
556,Operations,2020-05-19,266,381,2021-06-04,198487,14,1,0.61,Delayed,2.69
557,Operations,2022-12-01,219,313,2023-10-10,169882,9,1,0.21,Delayed,3.13
558,Marketing,2021-02-27,85,198,2021-09-13,186469,20,6,0.02,Delayed,2.18
559,HR,2020-07-10,339,433,2021-09-16,495514,19,5,0.96,Delayed,2.51
560,Operations,2021-10-29,302,287,2022-08-12,152482,8,2,0.62,OnTime,4.16
561,IT,2020-10-19,273,320,2021-09-04,316901,19,4,0.96,Delayed,2.88
562,Finance,2020-03-23,215,293,2021-01-10,196093,10,8,0.44,Delayed,3.47
563,Finance,2022-06-15,239,266,2023-03-08,435767,3,8,0.94,Delayed,1.0
564,Operations,2022-07-11,166,256,2023-03-24,316063,14,8,0.34,Delayed,1.78
565,Marketing,2022-01-18,54,67,2022-03-26,277842,24,10,0.9,Delayed,1.0
566,Marketing,2023-05-19,352,483,2024-09-13,117524,5,10,0.94,Delayed,2.85
567,Operations,2023-02-10,300,442,2024-04-27,202971,11,5,0.25,Delayed,2.73
568,Finance,2021-03-09,169,280,2021-12-14,161638,18,7,0.11,Delayed,2.44
569,Marketing,2023-06-23,118,163,2023-12-03,276909,5,10,0.6,Delayed,2.23
570,Finance,2021-03-21,323,445,2022-06-09,313097,16,4,0.73,Delayed,2.26
571,IT,2022-11-14,306,406,2023-12-25,463497,7,6,0.9,Delayed,3.26
572,Operations,2020-03-31,47,175,2020-09-22,259819,5,6,0.52,Delayed,1.15
573,Operations,2020-07-10,69,186,2021-01-12,63592,22,1,0.08,Delayed,2.81
574,Marketing,2023-06-14,210,244,2024-02-13,401716,15,6,0.21,Delayed,1.28
575,Operations,2021-08-07,88,69,2021-10-15,427216,10,3,0.66,OnTime,3.24
576,IT,2021-12-17,249,350,2022-12-02,498029,11,7,0.97,Delayed,2.08
577,Marketing,2021-11-04,276,286,2022-08-17,142659,14,1,0.46,Delayed,2.56
578,Finance,2022-01-30,220,369,2023-02-03,293028,17,1,0.08,Delayed,1.0
579,HR,2021-09-02,237,224,2022-04-14,442829,17,1,0.33,OnTime,2.78
580,Marketing,2022-02-12,192,281,2022-11-20,247069,17,8,0.81,Delayed,1.0
581,HR,2020-09-25,270,408,2021-11-07,281604,5,6,0.68,Delayed,1.86
582,Marketing,2020-01-26,332,316,2020-12-07,158441,22,6,0.16,OnTime,3.39
583,IT,2022-01-23,175,286,2022-11-05,246304,16,7,0.42,Delayed,2.27
584,IT,2022-01-20,129,271,2022-10-18,50863,18,8,0.32,Delayed,1.09
585,IT,2021-01-15,174,224,2021-08-27,385146,20,1,0.44,Delayed,2.21
586,Marketing,2023-02-25,268,315,2024-01-06,240183,18,4,0.42,Delayed,3.64
587,Finance,2023-07-31,266,276,2024-05-02,121362,24,8,0.5,Delayed,2.35
588,Marketing,2022-05-25,132,236,2023-01-16,267336,18,3,0.09,Delayed,1.74
589,IT,2023-06-07,175,268,2024-03-01,310228,23,7,0.73,Delayed,1.7
590,IT,2021-03-28,151,238,2021-11-21,62227,8,10,0.84,Delayed,2.27
591,Operations,2023-12-18,125,110,2024-04-06,78207,5,10,0.01,OnTime,5.0
592,IT,2021-02-19,243,257,2021-11-03,443685,3,4,0.38,Delayed,1.31
593,Operations,2022-01-28,296,278,2022-11-02,285848,14,7,0.46,OnTime,2.58
594,Finance,2022-04-20,308,370,2023-04-25,157580,17,5,0.31,Delayed,1.38
595,IT,2023-07-03,244,253,2024-03-12,204840,4,8,0.42,Delayed,2.39
596,Finance,2022-10-13,343,416,2023-12-03,120966,11,9,0.66,Delayed,2.25
597,HR,2020-04-25,77,66,2020-06-30,216946,13,5,0.83,OnTime,4.39
598,Marketing,2022-04-23,150,171,2022-10-11,166625,24,1,0.01,Delayed,1.64
599,Marketing,2021-04-27,216,285,2022-02-06,442783,8,9,0.79,Delayed,1.91
600,HR,2020-03-16,217,273,2020-12-14,237203,9,6,0.54,Delayed,1.96
601,HR,2022-04-06,312,370,2023-04-11,42766,10,7,0.13,Delayed,1.0
602,HR,2022-06-10,41,161,2022-11-18,388621,13,1,0.22,Delayed,2.06
603,Finance,2021-04-09,321,308,2022-02-11,441940,18,4,0.45,OnTime,4.67
604,Finance,2022-07-14,180,303,2023-05-13,392733,12,7,0.05,Delayed,1.63
605,Operations,2023-02-21,322,330,2024-01-17,227282,17,4,0.69,Delayed,1.0
606,Operations,2022-11-10,93,237,2023-07-05,134954,22,4,0.73,Delayed,2.27
607,HR,2022-04-10,193,302,2023-02-06,45733,18,2,0.06,Delayed,1.9
608,Marketing,2021-04-15,63,183,2021-10-15,267450,24,4,0.89,Delayed,1.58
609,Marketing,2023-10-22,358,484,2025-02-17,154933,8,4,0.67,Delayed,2.52
610,HR,2021-01-22,79,140,2021-06-11,38164,22,7,0.74,Delayed,2.97
611,HR,2020-10-04,353,376,2021-10-15,237105,15,10,0.44,Delayed,1.0
612,Marketing,2021-05-04,188,295,2022-02-23,350130,23,3,0.99,Delayed,2.01
613,IT,2020-10-14,351,446,2022-01-03,142233,4,2,0.33,Delayed,3.14
614,HR,2023-08-18,274,412,2024-10-03,13178,3,7,0.1,Delayed,2.21
615,IT,2023-09-12,335,454,2024-12-09,438638,19,1,0.49,Delayed,2.55
616,HR,2023-04-19,135,244,2023-12-19,236921,6,3,0.13,Delayed,1.0
617,IT,2023-08-12,335,389,2024-09-04,377084,5,3,0.68,Delayed,3.67
618,Operations,2021-10-17,345,354,2022-10-06,220515,8,9,0.02,Delayed,3.52
619,HR,2022-02-16,327,346,2023-01-28,392688,15,8,0.75,Delayed,2.28
620,Finance,2021-04-12,271,357,2022-04-04,171050,11,2,0.18,Delayed,1.01
621,HR,2023-09-07,41,188,2024-03-13,197464,14,10,0.01,Delayed,1.81
622,HR,2022-02-26,68,107,2022-06-13,489809,3,3,0.55,Delayed,1.68
623,IT,2023-12-02,188,224,2024-07-13,408413,4,5,0.58,Delayed,2.01
624,HR,2021-09-13,175,296,2022-07-06,162225,14,6,0.14,Delayed,4.87
625,Finance,2020-02-05,202,345,2021-01-15,148261,16,4,0.61,Delayed,2.87
626,Marketing,2020-05-27,47,64,2020-07-30,214994,15,5,0.66,Delayed,1.5
627,Operations,2023-02-01,272,391,2024-02-27,199327,19,7,0.56,Delayed,1.12
628,Operations,2023-11-25,198,231,2024-07-13,278782,14,2,0.32,Delayed,1.62
629,IT,2021-01-06,133,235,2021-08-29,339933,17,1,0.01,Delayed,2.58
630,Marketing,2023-02-07,219,230,2023-09-25,338615,15,4,0.57,Delayed,1.0
631,Finance,2023-05-09,314,363,2024-05-06,19726,24,2,0.61,Delayed,1.0
632,Marketing,2023-06-24,158,224,2024-02-03,465263,13,7,0.99,Delayed,1.4
633,HR,2023-09-29,83,78,2023-12-16,377202,22,3,0.81,OnTime,3.03
634,Finance,2021-12-06,355,342,2022-11-13,241452,18,3,0.36,OnTime,3.14
635,HR,2020-07-06,192,279,2021-04-11,279515,22,4,0.75,Delayed,2.0
636,IT,2023-01-30,202,322,2023-12-18,245707,24,4,0.49,Delayed,3.08
637,Operations,2022-05-26,72,93,2022-08-27,27241,18,3,0.48,Delayed,3.12
638,Marketing,2022-11-09,240,258,2023-07-25,49346,14,7,0.23,Delayed,4.32
639,IT,2021-10-27,71,205,2022-05-20,222490,8,2,0.5,Delayed,1.0
640,Operations,2022-01-11,249,293,2022-10-31,452210,10,8,0.58,Delayed,2.83
641,Marketing,2021-01-10,292,282,2021-10-19,98422,6,9,0.7,OnTime,3.44
642,Finance,2023-12-15,75,107,2024-03-31,436583,18,9,0.98,Delayed,3.16
643,IT,2021-01-15,147,180,2021-07-14,239304,22,6,0.63,Delayed,2.2
644,IT,2021-06-06,244,246,2022-02-07,488705,13,9,0.38,Delayed,2.5
645,Finance,2022-12-13,58,134,2023-04-26,320435,16,3,0.66,Delayed,1.0
646,HR,2020-03-19,139,220,2020-10-25,299385,17,5,0.44,Delayed,1.0
647,Operations,2020-08-31,349,415,2021-10-20,196584,12,7,0.65,Delayed,4.44
648,IT,2021-01-15,335,366,2022-01-16,278011,23,2,0.04,Delayed,1.46
649,HR,2021-10-05,247,230,2022-05-23,413526,20,9,0.1,OnTime,3.74
650,Operations,2020-10-18,273,375,2021-10-28,212538,16,9,0.4,Delayed,1.49
651,IT,2021-05-22,45,123,2021-09-22,346430,6,5,0.08,Delayed,3.2
652,IT,2023-07-25,232,277,2024-04-27,388987,14,4,0.78,Delayed,2.32
653,Finance,2021-11-23,284,264,2022-08-14,446606,15,6,0.72,OnTime,3.92
654,Marketing,2023-01-29,124,204,2023-08-21,50696,12,1,0.15,Delayed,1.51
655,Marketing,2022-05-11,184,330,2023-04-06,436888,24,5,0.01,Delayed,2.36
656,Marketing,2023-02-14,300,281,2023-11-22,163267,9,5,0.12,OnTime,2.82
657,Marketing,2020-09-30,288,402,2021-11-06,265658,20,6,0.22,Delayed,1.39
658,IT,2021-01-12,40,87,2021-04-09,313994,20,4,0.35,Delayed,1.92
659,Marketing,2021-08-27,51,157,2022-01-31,487317,12,9,0.45,Delayed,1.89
660,IT,2020-08-11,249,347,2021-07-24,284864,11,10,0.18,Delayed,2.12
661,Operations,2021-02-19,244,265,2021-11-11,176964,12,7,0.37,Delayed,2.43
662,IT,2020-01-29,64,49,2020-03-18,408731,17,6,0.51,OnTime,3.49
663,Operations,2023-03-16,96,211,2023-10-13,491799,22,4,0.01,Delayed,2.05
664,Operations,2022-11-05,224,212,2023-06-05,63051,16,5,0.05,OnTime,3.66
665,Operations,2020-01-15,356,437,2021-03-27,325617,11,6,0.54,Delayed,1.59
666,Marketing,2023-05-16,139,231,2024-01-02,177896,20,9,0.13,Delayed,2.13
667,Operations,2023-10-23,308,421,2024-12-17,483070,7,9,0.14,Delayed,2.98
668,IT,2021-10-19,344,386,2022-11-09,113864,21,8,0.41,Delayed,1.0
669,Operations,2020-04-20,166,213,2020-11-19,354877,4,3,0.97,Delayed,2.53
670,Operations,2021-08-28,298,302,2022-06-26,317347,24,2,0.8,Delayed,2.06
671,Operations,2022-12-25,330,423,2024-02-21,341950,14,2,0.63,Delayed,2.99
672,IT,2022-09-25,338,343,2023-09-03,180733,16,6,0.73,Delayed,2.42
673,Operations,2020-08-20,222,252,2021-04-29,262842,24,7,0.02,Delayed,2.53
674,HR,2021-11-29,318,444,2023-02-16,154923,22,1,0.96,Delayed,1.48
675,HR,2020-05-06,197,256,2021-01-17,448565,15,7,0.57,Delayed,2.17
676,HR,2021-02-22,202,227,2021-10-07,406103,14,7,0.95,Delayed,1.45
677,HR,2020-03-25,311,375,2021-04-04,343720,11,1,0.35,Delayed,3.07
678,IT,2022-07-07,187,243,2023-03-07,141562,20,7,0.24,Delayed,1.08
679,HR,2020-11-08,132,262,2021-07-28,306794,15,2,0.07,Delayed,1.46
680,HR,2023-03-04,79,142,2023-07-24,242069,11,5,0.57,Delayed,2.72
681,Marketing,2021-06-16,119,138,2021-11-01,12159,15,1,0.13,Delayed,1.47
682,IT,2023-11-25,57,205,2024-06-17,61137,20,9,0.5,Delayed,1.0
683,HR,2020-09-05,67,180,2021-03-04,97980,13,2,0.94,Delayed,1.89
684,Operations,2020-05-25,270,365,2021-05-25,82572,15,3,0.9,Delayed,1.0
685,IT,2020-06-01,155,223,2021-01-10,171679,4,3,0.81,Delayed,1.0
686,Operations,2022-04-20,158,179,2022-10-16,309488,4,8,0.25,Delayed,2.84
687,Finance,2020-12-10,74,187,2021-06-15,241444,8,9,0.08,Delayed,1.0
688,Finance,2022-08-13,117,221,2023-03-22,433240,17,4,0.65,Delayed,2.09
689,IT,2021-09-12,166,299,2022-07-08,68755,19,3,0.56,Delayed,2.99
690,Operations,2020-03-19,175,265,2020-12-09,488977,15,4,1.0,Delayed,3.26
691,Marketing,2023-09-15,218,292,2024-07-03,498455,5,9,0.14,Delayed,1.0
692,Operations,2020-03-13,337,446,2021-06-02,265733,9,8,0.8,Delayed,1.0
693,HR,2023-03-20,186,254,2023-11-29,141870,20,4,0.39,Delayed,2.38
694,Finance,2022-11-02,151,233,2023-06-23,272875,12,7,0.5,Delayed,1.18
695,Marketing,2021-11-28,128,189,2022-06-05,173402,24,4,0.75,Delayed,1.5
696,Operations,2022-06-12,347,470,2023-09-25,293007,11,4,0.8,Delayed,1.0
697,Operations,2022-08-08,64,57,2022-10-04,328384,21,6,0.64,OnTime,3.79
698,Marketing,2021-08-17,71,67,2021-10-23,431566,15,7,0.86,OnTime,4.37
699,Marketing,2021-06-29,65,197,2022-01-12,334101,20,7,0.85,Delayed,1.61
700,Operations,2021-11-16,181,235,2022-07-09,320809,21,2,0.06,Delayed,1.85
701,Marketing,2023-01-03,195,252,2023-09-12,426690,18,5,0.68,Delayed,1.61
702,HR,2022-12-18,356,472,2024-04-03,494972,3,8,0.68,Delayed,2.69
703,IT,2021-12-08,64,166,2022-05-23,202898,24,8,0.86,Delayed,2.54
704,HR,2021-11-20,92,236,2022-07-14,32504,19,3,0.79,Delayed,2.98
705,Operations,2020-08-11,32,127,2020-12-16,130494,5,4,0.47,Delayed,2.45
706,HR,2023-01-23,302,405,2024-03-03,138023,22,7,0.61,Delayed,2.22
707,IT,2021-12-18,108,157,2022-05-24,287530,17,2,0.63,Delayed,1.08
708,Operations,2021-07-12,218,357,2022-07-04,494607,22,1,0.22,Delayed,1.16
709,HR,2021-06-29,108,165,2021-12-11,428680,4,2,0.44,Delayed,2.02
710,Operations,2022-02-03,67,60,2022-04-04,325783,24,2,0.07,OnTime,4.84
711,HR,2022-08-31,118,153,2023-01-31,152429,22,5,0.41,Delayed,2.43
712,Finance,2022-07-27,302,361,2023-07-23,248009,4,4,0.51,Delayed,2.88
713,IT,2022-05-11,110,158,2022-10-16,361300,22,3,0.05,Delayed,1.63
714,IT,2020-09-21,129,194,2021-04-03,41551,24,6,0.82,Delayed,1.0
715,Operations,2020-06-05,280,369,2021-06-09,413040,20,7,0.93,Delayed,1.0
716,Marketing,2023-07-07,154,215,2024-02-07,33834,13,1,0.72,Delayed,1.82
717,Marketing,2023-02-02,257,306,2023-12-05,277727,4,7,0.75,Delayed,2.79
718,IT,2022-11-07,211,303,2023-09-06,403444,13,7,0.82,Delayed,1.0
719,Finance,2022-09-03,108,233,2023-04-24,305830,24,3,0.03,Delayed,1.45
720,Marketing,2020-03-11,277,402,2021-04-17,351609,9,8,0.28,Delayed,2.04
721,HR,2020-07-11,97,125,2020-11-13,476995,20,5,0.53,Delayed,1.58
722,Operations,2023-08-14,213,320,2024-06-29,364835,8,8,0.31,Delayed,2.86
723,Operations,2020-08-28,53,160,2021-02-04,316606,9,3,0.43,Delayed,1.1
724,Operations,2021-04-03,241,346,2022-03-15,169132,21,9,0.54,Delayed,1.0
725,Operations,2023-03-27,141,266,2023-12-18,194054,19,6,0.32,Delayed,2.46
726,Operations,2023-07-25,85,183,2024-01-24,296610,14,2,0.91,Delayed,1.45
727,Operations,2022-06-15,337,401,2023-07-21,333036,8,5,0.17,Delayed,3.71
728,Finance,2021-05-06,90,123,2021-09-06,204215,18,1,0.84,Delayed,1.83
729,Operations,2020-06-19,302,402,2021-07-26,21962,9,5,0.28,Delayed,1.15
730,HR,2021-03-27,235,292,2022-01-13,88863,9,3,0.7,Delayed,1.0
731,HR,2021-03-09,154,214,2021-10-09,221428,14,6,0.65,Delayed,3.75
732,HR,2022-01-20,87,212,2022-08-20,223893,15,1,0.04,Delayed,1.05
733,Finance,2023-12-04,73,79,2024-02-21,148009,3,4,0.18,Delayed,2.56
734,Finance,2023-02-27,84,185,2023-08-31,181616,18,7,0.62,Delayed,1.87
735,HR,2023-09-19,183,197,2024-04-03,462686,5,7,0.63,Delayed,3.55
736,IT,2021-08-05,32,69,2021-10-13,298799,20,7,0.82,Delayed,1.0
737,IT,2020-09-26,209,194,2021-04-08,13174,12,7,0.82,OnTime,4.41
738,Operations,2022-08-13,238,314,2023-06-23,151385,21,10,0.56,Delayed,3.87
739,IT,2020-02-25,237,257,2020-11-08,360239,17,1,0.19,Delayed,1.0
740,Marketing,2021-09-30,321,414,2022-11-18,82902,15,9,0.68,Delayed,1.0
741,Marketing,2021-03-22,232,285,2022-01-01,299304,7,5,0.39,Delayed,1.46
742,HR,2020-08-16,342,451,2021-11-10,244847,11,4,0.93,Delayed,1.74
743,Finance,2020-04-26,335,426,2021-06-26,101229,10,10,0.74,Delayed,3.0
744,IT,2020-05-31,103,191,2020-12-08,125600,20,10,0.17,Delayed,2.12
745,IT,2020-04-10,74,135,2020-08-23,404768,11,1,0.11,Delayed,2.0
746,HR,2023-10-31,76,162,2024-04-10,304507,11,5,0.87,Delayed,1.82
747,HR,2022-05-07,55,188,2022-11-11,403369,16,1,0.44,Delayed,1.0
748,Operations,2022-03-20,304,300,2023-01-14,171771,3,1,0.31,OnTime,3.87
749,IT,2021-10-04,78,112,2022-01-24,231849,5,8,0.79,Delayed,2.16
750,Operations,2020-10-28,218,251,2021-07-06,155213,3,1,0.02,Delayed,2.57
751,Marketing,2023-02-15,173,309,2023-12-21,407798,8,4,0.19,Delayed,2.3
752,HR,2020-03-30,228,368,2021-04-02,325929,15,4,0.22,Delayed,3.62
753,Finance,2023-12-30,97,230,2024-08-16,454874,4,1,0.9,Delayed,3.86
754,Finance,2022-06-12,127,132,2022-10-22,467364,18,4,0.05,Delayed,2.22
755,Marketing,2022-01-15,116,174,2022-07-08,193500,19,2,0.15,Delayed,2.67
756,Marketing,2023-07-15,325,370,2024-07-19,363791,6,3,0.34,Delayed,3.53
757,IT,2020-08-25,163,242,2021-04-24,13089,14,4,0.82,Delayed,1.0
758,Operations,2022-12-30,77,75,2023-03-15,175637,22,5,0.09,OnTime,5.0
759,Marketing,2022-03-26,164,212,2022-10-24,246042,17,3,0.17,Delayed,2.31
760,Finance,2023-07-18,122,118,2023-11-13,56233,23,8,0.32,OnTime,5.0
761,Finance,2023-07-14,357,442,2024-09-28,256231,5,7,0.95,Delayed,2.33
762,HR,2020-12-29,148,161,2021-06-08,406456,12,10,0.1,Delayed,2.17
763,HR,2022-08-20,252,346,2023-08-01,423440,14,7,0.6,Delayed,1.6
764,Operations,2020-08-01,150,261,2021-04-19,201313,7,3,0.92,Delayed,1.0
765,Finance,2023-01-09,359,436,2024-03-20,305685,10,3,0.49,Delayed,1.0
766,Marketing,2021-09-27,338,327,2022-08-20,170212,22,8,0.77,OnTime,3.47
767,Marketing,2022-05-23,282,275,2023-02-22,199167,24,2,0.28,OnTime,2.42
768,Finance,2021-11-09,49,115,2022-03-04,235414,11,1,0.72,Delayed,2.75
769,Marketing,2023-08-10,275,298,2024-06-03,350053,14,10,0.92,Delayed,2.03
770,Operations,2020-08-29,323,454,2021-11-26,113986,12,8,0.97,Delayed,1.73
771,IT,2023-06-25,99,163,2023-12-05,442184,9,8,0.48,Delayed,2.7
772,IT,2022-01-25,333,354,2023-01-14,61482,12,9,0.77,Delayed,2.79
773,HR,2021-06-27,263,268,2022-03-22,296744,13,7,0.04,Delayed,3.18
774,IT,2021-06-13,204,344,2022-05-23,323572,4,4,0.45,Delayed,1.79
775,Marketing,2022-05-31,275,400,2023-07-05,135549,10,5,0.1,Delayed,3.6
776,IT,2022-12-01,239,312,2023-10-09,369698,24,1,0.1,Delayed,2.8
777,Marketing,2021-06-29,338,453,2022-09-25,171297,18,5,0.16,Delayed,1.82
778,Operations,2023-07-06,119,202,2024-01-24,70282,14,2,0.02,Delayed,1.56
779,IT,2021-10-29,111,167,2022-04-14,319732,24,2,0.01,Delayed,3.07
780,Finance,2023-05-12,45,175,2023-11-03,252599,11,5,0.54,Delayed,1.68
781,Marketing,2023-09-15,337,393,2024-10-12,293816,23,2,0.84,Delayed,4.05
782,Marketing,2022-07-12,284,406,2023-08-22,374271,6,5,0.37,Delayed,1.71
783,HR,2022-06-18,40,127,2022-10-23,202537,7,7,0.33,Delayed,1.0
784,Operations,2020-08-06,180,282,2021-05-15,197535,6,8,0.57,Delayed,1.9
785,HR,2022-03-31,329,448,2023-06-22,236905,7,1,0.09,Delayed,2.86
786,Marketing,2020-10-10,341,419,2021-12-03,133076,4,2,0.75,Delayed,2.08
787,HR,2021-09-09,87,144,2022-01-31,475994,12,6,0.28,Delayed,3.23
788,Finance,2023-05-08,130,160,2023-10-15,398681,13,9,0.24,Delayed,1.0
789,Operations,2021-02-02,290,352,2022-01-20,309189,21,10,0.3,Delayed,3.21
790,HR,2022-08-20,38,78,2022-11-06,183364,20,3,0.54,Delayed,1.51
791,Operations,2020-08-13,134,117,2020-12-08,403052,11,2,0.74,OnTime,3.81
792,Finance,2023-04-05,247,243,2023-12-04,356479,5,10,0.67,OnTime,2.49
793,IT,2023-01-18,78,95,2023-04-23,35494,24,4,0.7,Delayed,2.14
794,HR,2022-06-16,78,183,2022-12-16,314094,17,8,0.31,Delayed,1.0
795,HR,2021-11-19,109,199,2022-06-06,343260,17,4,0.94,Delayed,1.78
796,HR,2021-12-07,243,335,2022-11-07,410213,20,9,1.0,Delayed,1.0
797,HR,2022-03-27,105,139,2022-08-13,97508,6,10,0.83,Delayed,1.35
798,Marketing,2021-10-29,45,189,2022-05-06,377508,17,1,0.47,Delayed,2.08
799,Finance,2020-11-28,74,199,2021-06-15,65501,6,4,0.72,Delayed,3.14
800,HR,2020-02-24,295,316,2021-01-05,39992,15,7,0.89,Delayed,1.56
801,Marketing,2021-01-28,39,120,2021-05-28,345834,21,5,0.1,Delayed,1.03
802,IT,2020-03-25,59,87,2020-06-20,273312,7,10,0.13,Delayed,2.98
803,HR,2021-04-23,337,356,2022-04-14,40373,13,3,0.78,Delayed,1.84
804,IT,2023-11-02,137,126,2024-03-07,65390,8,9,0.89,OnTime,4.75
805,Finance,2020-08-06,50,121,2020-12-05,128910,18,8,0.93,Delayed,2.07
806,Operations,2020-01-25,185,169,2020-07-12,355876,20,6,0.95,OnTime,3.49
807,IT,2020-01-19,222,332,2020-12-16,160953,23,3,0.08,Delayed,1.79
808,Finance,2022-09-24,84,172,2023-03-15,235121,23,8,0.97,Delayed,1.0
809,Marketing,2023-05-06,116,176,2023-10-29,413964,4,3,0.95,Delayed,2.05
810,IT,2022-11-06,312,293,2023-08-26,465229,6,3,0.73,OnTime,4.45
811,Marketing,2021-02-26,275,335,2022-01-27,212278,6,8,0.17,Delayed,4.51
812,HR,2020-07-14,336,467,2021-10-24,112413,7,2,0.09,Delayed,1.96
813,HR,2021-12-23,297,293,2022-10-12,178733,13,3,0.01,OnTime,4.14
814,Operations,2022-03-05,240,328,2023-01-27,191323,22,1,0.19,Delayed,1.0
815,Operations,2020-04-18,158,147,2020-09-12,469822,9,6,0.45,OnTime,4.06
816,Finance,2021-06-13,196,257,2022-02-25,266427,10,6,0.93,Delayed,2.47
817,IT,2023-03-31,356,499,2024-08-11,191649,8,9,0.87,Delayed,2.76
818,Finance,2022-08-17,233,362,2023-08-14,218030,18,4,0.23,Delayed,1.71
819,HR,2023-08-27,97,164,2024-02-07,237544,3,7,0.32,Delayed,1.0
820,Operations,2020-06-26,327,408,2021-08-08,278667,14,7,0.41,Delayed,1.9
821,Finance,2021-08-08,137,238,2022-04-03,339744,6,7,0.68,Delayed,2.76
822,IT,2021-05-17,148,289,2022-03-02,43477,20,6,0.99,Delayed,3.53
823,Operations,2023-04-17,73,67,2023-06-23,355165,8,2,0.42,OnTime,4.32
824,IT,2020-03-14,80,126,2020-07-18,354572,14,1,0.62,Delayed,1.83
825,Marketing,2023-10-31,351,334,2024-09-29,390041,9,8,0.24,OnTime,3.66
826,HR,2021-12-17,240,240,2022-08-14,217383,8,4,0.87,OnTime,2.91
827,Marketing,2020-09-15,353,433,2021-11-22,199607,18,6,0.36,Delayed,1.52
828,Finance,2021-04-05,353,378,2022-04-18,76381,15,6,0.69,Delayed,1.0
829,Operations,2023-06-18,287,343,2024-05-26,22467,4,4,0.18,Delayed,1.83
830,HR,2023-02-04,352,471,2024-05-20,395751,7,4,0.85,Delayed,3.08
831,Marketing,2022-11-02,326,362,2023-10-30,381380,15,8,0.46,Delayed,1.0
832,IT,2021-10-01,202,216,2022-05-05,309266,7,10,0.58,Delayed,1.0
833,Operations,2022-04-18,146,263,2023-01-06,46713,22,2,0.44,Delayed,1.95
834,Finance,2022-12-25,99,119,2023-04-23,446670,22,9,0.05,Delayed,1.56
835,HR,2021-04-08,228,246,2021-12-10,58784,15,6,0.71,Delayed,2.23
836,IT,2021-10-03,243,306,2022-08-05,329064,17,1,0.83,Delayed,1.68
837,Operations,2020-02-18,81,93,2020-05-21,488997,20,5,0.03,Delayed,1.33
838,Operations,2021-04-23,349,466,2022-08-02,433502,12,2,0.22,Delayed,2.22
839,Finance,2020-01-16,339,420,2021-03-11,42930,4,2,0.53,Delayed,1.03
840,HR,2023-10-30,121,145,2024-03-23,487843,15,10,0.26,Delayed,1.92
841,HR,2023-12-20,76,108,2024-04-06,488394,8,5,0.94,Delayed,3.12
842,Marketing,2020-06-02,77,151,2020-10-31,132002,11,6,0.64,Delayed,2.37
843,Finance,2020-06-27,68,51,2020-08-17,57997,5,8,0.28,OnTime,4.86
844,Operations,2020-01-21,68,149,2020-06-18,78653,4,4,0.82,Delayed,2.94
845,Operations,2020-12-03,152,230,2021-07-21,37938,9,1,0.91,Delayed,1.46
846,Operations,2022-12-10,239,344,2023-11-19,366843,12,5,0.86,Delayed,1.93
847,HR,2023-04-26,259,397,2024-05-27,417561,20,4,0.53,Delayed,1.65
848,IT,2022-10-02,247,316,2023-08-14,492533,14,10,0.32,Delayed,1.0
849,IT,2020-09-27,152,275,2021-06-29,19472,18,5,0.14,Delayed,2.0
850,Operations,2021-03-13,184,329,2022-02-05,283497,8,9,0.88,Delayed,2.37
851,HR,2022-02-14,126,222,2022-09-24,136150,8,5,0.25,Delayed,1.77
852,IT,2020-09-04,305,292,2021-06-23,443209,16,2,0.34,OnTime,4.05
853,IT,2023-07-18,123,256,2024-03-30,298137,24,4,0.19,Delayed,3.15
854,HR,2022-04-27,131,266,2023-01-18,80309,16,5,0.33,Delayed,2.3
855,Marketing,2023-01-01,278,348,2023-12-15,194535,15,10,0.44,Delayed,2.71
856,HR,2022-04-19,244,356,2023-04-10,213305,9,10,0.35,Delayed,1.5
857,Operations,2020-10-09,87,112,2021-01-29,127569,11,5,0.62,Delayed,2.02
858,Operations,2021-10-26,211,315,2022-09-06,468818,8,10,0.62,Delayed,1.18
859,HR,2022-04-05,111,177,2022-09-29,494353,14,6,0.75,Delayed,1.54
860,Finance,2021-07-30,238,346,2022-07-11,237444,22,9,0.17,Delayed,2.76
861,Finance,2020-02-15,340,394,2021-03-15,343015,24,10,0.48,Delayed,2.66
862,Operations,2020-08-30,236,359,2021-08-24,338974,4,1,0.75,Delayed,1.24
863,Finance,2020-04-24,97,119,2020-08-21,163412,5,10,0.0,Delayed,1.0
864,Operations,2020-02-18,55,195,2020-08-31,360052,18,2,0.91,Delayed,1.71
865,Finance,2021-03-30,161,160,2021-09-06,20737,23,4,0.19,OnTime,1.86
866,IT,2021-06-30,141,150,2021-11-27,487219,18,10,0.51,Delayed,3.8
867,Finance,2023-09-10,157,187,2024-03-15,316709,13,4,0.84,Delayed,1.15
868,Finance,2021-11-22,210,358,2022-11-15,244385,24,2,0.68,Delayed,2.09
869,Operations,2021-01-18,329,411,2022-03-05,404798,9,6,0.17,Delayed,2.42
870,Finance,2023-06-20,102,130,2023-10-28,190324,4,4,0.01,Delayed,1.0
871,Operations,2022-06-28,88,164,2022-12-09,31602,9,10,0.24,Delayed,1.82
872,Marketing,2020-07-29,152,213,2021-02-27,99743,6,7,0.22,Delayed,2.14
873,Finance,2022-11-01,135,146,2023-03-27,340825,13,1,0.95,Delayed,2.64
874,Finance,2020-04-09,175,163,2020-09-19,304461,20,9,0.26,OnTime,2.93
875,Operations,2021-09-23,199,335,2022-08-24,90206,6,2,0.46,Delayed,1.83
876,Operations,2020-04-11,239,238,2020-12-05,426313,18,9,0.81,OnTime,4.15
877,HR,2021-04-05,225,323,2022-02-22,87261,3,4,0.92,Delayed,3.45
878,IT,2023-10-29,98,236,2024-06-21,309564,11,10,0.16,Delayed,2.01
879,Finance,2021-08-01,59,152,2021-12-31,487387,5,10,0.38,Delayed,1.75
880,IT,2020-03-02,32,79,2020-05-20,109864,21,7,0.99,Delayed,1.34
881,Finance,2020-11-06,159,179,2021-05-04,493499,14,2,0.24,Delayed,1.83
882,Finance,2023-02-03,329,382,2024-02-20,272911,13,9,0.75,Delayed,1.0
883,Operations,2020-10-12,100,197,2021-04-27,50502,5,3,0.47,Delayed,1.72
884,Finance,2022-03-21,217,245,2022-11-21,53723,19,4,0.6,Delayed,3.29
885,Marketing,2023-10-09,175,239,2024-06-04,274291,10,4,0.02,Delayed,1.65
886,HR,2021-05-05,284,388,2022-05-28,309899,10,2,0.16,Delayed,2.49
887,Operations,2023-09-14,144,143,2024-02-04,386295,21,5,0.34,OnTime,4.12
888,HR,2020-01-27,219,281,2020-11-03,315023,20,10,0.75,Delayed,2.52
889,Marketing,2020-06-17,318,394,2021-07-16,477310,18,7,0.38,Delayed,1.51
890,IT,2020-04-15,249,345,2021-03-26,463572,19,10,0.6,Delayed,1.0
891,Operations,2022-09-01,298,433,2023-11-08,348592,13,7,0.05,Delayed,1.71
892,Marketing,2023-03-13,234,252,2023-11-20,291504,18,1,0.13,Delayed,2.13
893,IT,2023-10-24,163,188,2024-04-29,155457,8,10,0.72,Delayed,1.77
894,Operations,2022-04-21,302,438,2023-07-03,422857,8,6,0.46,Delayed,4.64
895,Finance,2023-01-27,307,337,2023-12-30,474534,18,7,0.15,Delayed,1.93
896,Operations,2023-11-18,212,200,2024-06-05,75614,22,2,0.85,OnTime,4.61
897,Operations,2020-08-13,80,93,2020-11-14,473650,8,3,0.08,Delayed,2.65
898,Marketing,2020-11-18,239,321,2021-10-05,206936,22,5,0.96,Delayed,1.0
899,Finance,2020-04-30,123,231,2020-12-17,353130,20,9,0.33,Delayed,3.47
900,IT,2023-04-12,58,200,2023-10-29,57599,24,10,0.93,Delayed,1.3
901,Finance,2023-04-30,189,232,2023-12-18,92674,4,8,0.01,Delayed,2.95
902,IT,2023-05-03,285,289,2024-02-16,91199,3,5,0.62,Delayed,2.53
903,IT,2022-05-07,323,389,2023-05-31,498596,3,5,0.84,Delayed,2.06
904,Finance,2021-07-09,57,53,2021-08-31,209294,10,10,0.94,OnTime,3.09
905,Marketing,2020-03-16,260,285,2020-12-26,291301,7,9,0.94,Delayed,2.27
906,Marketing,2022-08-19,245,383,2023-09-06,477616,9,5,0.98,Delayed,1.0
907,IT,2020-01-31,40,106,2020-05-16,388232,4,8,0.57,Delayed,2.2
908,HR,2022-12-17,209,273,2023-09-16,397932,22,6,0.67,Delayed,2.52
909,Marketing,2023-11-10,150,289,2024-08-25,477993,8,9,0.15,Delayed,1.0
910,Marketing,2020-01-13,77,209,2020-08-09,227912,21,3,0.52,Delayed,2.47
911,Finance,2020-09-17,307,389,2021-10-11,117724,17,6,0.82,Delayed,2.0
912,IT,2023-02-01,275,415,2024-03-22,114647,20,4,0.55,Delayed,2.41
913,Operations,2022-06-02,234,322,2023-04-20,83705,9,9,0.1,Delayed,1.76
914,IT,2022-03-25,201,317,2023-02-05,375543,20,7,0.1,Delayed,1.59
915,IT,2021-11-30,44,59,2022-01-28,366336,7,6,0.32,Delayed,2.71
916,Operations,2020-05-25,292,275,2021-02-24,308073,7,7,0.43,OnTime,4.49
917,Marketing,2022-10-20,58,188,2023-04-26,123396,16,1,0.08,Delayed,1.89
918,Operations,2022-09-29,215,336,2023-08-31,407916,22,3,0.8,Delayed,1.0
919,Marketing,2021-08-11,180,192,2022-02-19,148982,10,2,0.59,Delayed,2.13
920,Marketing,2021-12-31,355,454,2023-03-30,149876,4,4,0.56,Delayed,2.25
921,HR,2022-04-21,231,298,2023-02-13,278116,13,10,0.17,Delayed,1.0
922,Operations,2022-10-27,301,296,2023-08-19,339127,14,3,0.45,OnTime,3.79
923,IT,2020-08-15,302,313,2021-06-24,262712,8,8,0.28,Delayed,1.67
924,IT,2021-03-12,346,491,2022-07-16,481298,22,6,0.29,Delayed,2.18
925,IT,2022-02-07,130,154,2022-07-11,233457,17,10,0.82,Delayed,1.03
926,HR,2022-02-05,151,161,2022-07-16,59111,12,1,0.52,Delayed,2.56
927,Operations,2023-12-14,285,288,2024-09-27,185212,24,9,0.32,Delayed,1.99
928,Finance,2020-08-14,349,400,2021-09-18,150179,24,10,0.53,Delayed,2.86
929,Marketing,2022-07-14,82,153,2022-12-14,62066,13,1,0.79,Delayed,1.0
930,Operations,2021-01-30,44,182,2021-07-31,420538,7,5,0.76,Delayed,2.09
931,HR,2023-10-19,159,222,2024-05-28,170014,22,4,0.7,Delayed,1.0
932,HR,2020-05-02,165,301,2021-02-27,379802,7,2,0.17,Delayed,4.35
933,Marketing,2021-07-15,147,263,2022-04-04,95474,13,3,0.05,Delayed,1.32
934,HR,2023-01-14,178,273,2023-10-14,130811,20,7,0.37,Delayed,2.42
935,Marketing,2023-07-07,38,138,2023-11-22,490674,7,5,0.14,Delayed,2.15
936,HR,2021-05-26,72,146,2021-10-19,430065,8,6,0.01,Delayed,1.48
937,Finance,2021-01-30,129,120,2021-05-30,261116,4,2,0.72,OnTime,3.63
938,Marketing,2020-08-09,185,306,2021-06-11,49339,19,6,0.3,Delayed,5.0
939,Marketing,2023-07-09,312,373,2024-07-16,479847,7,8,0.64,Delayed,1.15
940,Marketing,2020-11-16,303,326,2021-10-08,31323,13,8,0.7,Delayed,2.48
941,Finance,2022-01-15,192,287,2022-10-29,450924,12,2,0.32,Delayed,2.66
942,HR,2020-04-27,266,298,2021-02-19,402647,6,4,0.77,Delayed,3.05
943,HR,2023-08-21,315,366,2024-08-21,422774,17,10,0.15,Delayed,2.64
944,Marketing,2023-01-20,219,301,2023-11-17,405739,16,5,0.12,Delayed,2.93
945,Operations,2023-10-19,141,273,2024-07-18,322326,8,5,0.55,Delayed,1.58
946,Marketing,2023-06-17,352,338,2024-05-20,264870,9,2,0.54,OnTime,3.1
947,IT,2020-02-27,38,65,2020-05-02,124897,11,10,0.01,Delayed,2.12
948,HR,2022-11-28,148,206,2023-06-22,330847,10,10,0.4,Delayed,1.13
949,Operations,2022-10-07,176,183,2023-04-08,174052,17,1,0.88,Delayed,3.94
950,IT,2020-04-14,287,320,2021-02-28,144917,13,8,0.9,Delayed,1.0
951,IT,2021-01-13,251,232,2021-09-02,129496,17,2,0.45,OnTime,4.46
952,Marketing,2021-09-14,35,141,2022-02-02,377719,15,3,0.51,Delayed,3.3
953,IT,2020-09-13,264,276,2021-06-16,461069,10,5,0.1,Delayed,1.15
954,Operations,2020-05-16,116,258,2021-01-29,339457,9,5,0.99,Delayed,2.07
955,Marketing,2023-07-28,352,483,2024-11-22,108273,16,6,0.78,Delayed,1.27
956,Marketing,2021-07-14,331,348,2022-06-27,232343,24,5,0.38,Delayed,1.0
957,Operations,2023-01-07,265,371,2024-01-13,327712,3,4,0.73,Delayed,1.0
958,Marketing,2023-02-10,234,362,2024-02-07,486857,23,5,0.03,Delayed,1.0
959,HR,2020-04-24,150,270,2021-01-19,419664,22,9,0.43,Delayed,3.92
960,Operations,2020-08-20,224,342,2021-07-28,45851,12,9,0.24,Delayed,1.34
961,Finance,2020-08-04,40,137,2020-12-19,210867,9,5,0.24,Delayed,1.29
962,IT,2020-02-25,147,258,2020-11-09,197644,14,8,0.11,Delayed,2.52
963,Marketing,2023-04-18,264,330,2024-03-13,465363,22,7,0.27,Delayed,2.06
964,Marketing,2023-01-21,221,303,2023-11-20,84123,9,7,0.78,Delayed,2.28
965,Operations,2021-07-27,269,338,2022-06-30,118775,11,9,0.92,Delayed,1.0
966,IT,2020-12-10,181,305,2021-10-11,409489,15,2,0.58,Delayed,1.34
967,Finance,2020-08-10,261,273,2021-05-10,21539,12,5,0.34,Delayed,2.73
968,HR,2020-08-27,339,451,2021-11-21,386460,13,9,0.65,Delayed,2.54
969,Finance,2020-02-16,356,501,2021-07-01,244975,5,7,0.28,Delayed,1.16
970,Finance,2022-09-03,81,151,2023-02-01,384048,16,1,0.99,Delayed,2.13
971,Operations,2023-06-15,184,299,2024-04-09,230566,12,1,0.55,Delayed,2.38
972,HR,2021-06-11,174,172,2021-11-30,28807,10,6,0.41,OnTime,5.0
973,Finance,2022-05-10,134,213,2022-12-09,232809,14,7,0.4,Delayed,1.66
974,Finance,2021-01-30,125,193,2021-08-11,103286,20,6,0.99,Delayed,1.0
975,HR,2023-12-21,145,287,2024-10-03,190449,8,8,0.44,Delayed,1.23
976,Operations,2022-01-25,115,253,2022-10-05,305305,14,5,0.77,Delayed,2.89
977,HR,2020-05-12,308,424,2021-07-10,341065,18,6,0.27,Delayed,2.09
978,IT,2021-11-20,191,245,2022-07-23,274053,10,1,0.06,Delayed,1.58
979,Marketing,2022-12-13,63,164,2023-05-26,204672,24,7,0.91,Delayed,2.45
980,Finance,2022-10-15,241,382,2023-11-01,377728,14,1,0.95,Delayed,1.0
981,Marketing,2022-05-01,74,161,2022-10-09,188394,19,4,0.73,Delayed,1.73
982,IT,2022-04-17,219,232,2022-12-05,465651,7,1,0.12,Delayed,1.0
983,Marketing,2020-07-22,242,261,2021-04-09,380450,5,2,0.36,Delayed,2.4
984,Finance,2022-02-22,229,354,2023-02-11,405955,18,7,0.16,Delayed,1.92
985,HR,2021-01-30,266,383,2022-02-17,236118,16,7,0.22,Delayed,1.74
986,Operations,2021-09-30,263,335,2022-08-31,24429,9,1,0.98,Delayed,1.93
987,Finance,2020-01-11,358,349,2020-12-25,329522,6,4,0.56,OnTime,3.28
988,IT,2020-08-16,109,185,2021-02-17,232603,4,7,0.09,Delayed,1.0
989,Finance,2022-09-15,157,277,2023-06-19,197934,4,7,0.98,Delayed,1.56
990,HR,2020-01-29,223,218,2020-09-03,52406,15,5,1.0,OnTime,3.55
991,Marketing,2022-07-28,153,151,2022-12-26,277206,8,8,0.84,OnTime,4.73
992,IT,2022-09-10,90,95,2022-12-14,417110,9,3,0.67,Delayed,2.12
993,IT,2022-05-24,223,221,2022-12-31,110025,8,1,0.56,OnTime,4.19
994,Operations,2023-03-22,254,360,2024-03-16,444368,21,6,0.14,Delayed,1.0
995,Marketing,2020-04-01,168,224,2020-11-11,316020,22,1,0.01,Delayed,2.79
996,Operations,2021-04-19,122,265,2022-01-09,426740,23,1,0.32,Delayed,2.97
997,Marketing,2023-03-22,31,96,2023-06-26,251540,6,4,0.82,Delayed,2.33
998,IT,2021-08-23,183,329,2022-07-18,32995,3,8,0.88,Delayed,1.19
999,IT,2020-05-28,75,198,2020-12-12,189949,18,8,0.27,Delayed,3.04
1000,Marketing,2020-10-01,95,153,2021-03-03,76133,12,2,0.44,Delayed,1.0
